local b={
45,45,45,45,45,45,45,45,45,45,45,45,45,45,45,45,45,45,45,45,45,45,45,45,45,45,45,45,45,45,45,45,45,45,45,45,45,45,45,45,45,45,45,45,45,45,45,45,45,45,45,45,45,45,45,45,45,45,45,45,45,45,45,45,45,45,45,45,45,45,45,45,45,45,45,45,45,45,45,13,10,45,45,33,32,106,115,111,110,32,108,105,98,114,97,114,121,13,10,45,
45,33,32,99,114,121,112,116,111,103,114,97,112,104,121,32,108,105,98,114,97,114,121,13,10,108,111,99,97,108,32,97,61,50,94,51,50,59,108,111,99,97,108,32,98,61,97,45,49,59,108,111,99,97,108,32,102,117,110,99,116,105,111,110,32,99,40,100,44,101,41,108,111,99,97,108,32,102,44,103,61,48,44,49,59,119,104,105,108,101,32,100,126,61,48,32,111,114,32,101,
126,61,48,32,100,111,32,108,111,99,97,108,32,104,44,105,61,100,37,50,44,101,37,50,59,108,111,99,97,108,32,106,61,40,104,43,105,41,37,50,59,102,61,102,43,106,42,103,59,100,61,109,97,116,104,46,102,108,111,111,114,40,100,47,50,41,101,61,109,97,116,104,46,102,108,111,111,114,40,101,47,50,41,103,61,103,42,50,32,101,110,100,59,114,101,116,117,114,110,32,
102,37,97,32,101,110,100,59,108,111,99,97,108,32,102,117,110,99,116,105,111,110,32,107,40,100,44,101,44,108,44,46,46,46,41,108,111,99,97,108,32,109,59,105,102,32,101,32,116,104,101,110,32,100,61,100,37,97,59,101,61,101,37,97,59,109,61,99,40,100,44,101,41,105,102,32,108,32,116,104,101,110,32,109,61,107,40,109,44,108,44,46,46,46,41,101,110,100,59,114,
101,116,117,114,110,32,109,32,101,108,115,101,105,102,32,100,32,116,104,101,110,32,114,101,116,117,114,110,32,100,37,97,32,101,108,115,101,32,114,101,116,117,114,110,32,48,32,101,110,100,32,101,110,100,59,108,111,99,97,108,32,102,117,110,99,116,105,111,110,32,110,40,100,44,101,44,108,44,46,46,46,41,108,111,99,97,108,32,109,59,105,102,32,101,32,116,104,101,110,32,
100,61,100,37,97,59,101,61,101,37,97,59,109,61,40,100,43,101,45,99,40,100,44,101,41,41,47,50,59,105,102,32,108,32,116,104,101,110,32,109,61,110,40,109,44,108,44,46,46,46,41,101,110,100,59,114,101,116,117,114,110,32,109,32,101,108,115,101,105,102,32,100,32,116,104,101,110,32,114,101,116,117,114,110,32,100,37,97,32,101,108,115,101,32,114,101,116,117,114,110,
32,98,32,101,110,100,32,101,110,100,59,108,111,99,97,108,32,102,117,110,99,116,105,111,110,32,111,40,112,41,114,101,116,117,114,110,32,98,45,112,32,101,110,100,59,108,111,99,97,108,32,102,117,110,99,116,105,111,110,32,113,40,100,44,114,41,105,102,32,114,60,48,32,116,104,101,110,32,114,101,116,117,114,110,32,108,115,104,105,102,116,40,100,44,45,114,41,101,110,100,
59,114,101,116,117,114,110,32,109,97,116,104,46,102,108,111,111,114,40,100,37,50,94,51,50,47,50,94,114,41,101,110,100,59,108,111,99,97,108,32,102,117,110,99,116,105,111,110,32,115,40,112,44,114,41,105,102,32,114,62,51,49,32,111,114,32,114,60,45,51,49,32,116,104,101,110,32,114,101,116,117,114,110,32,48,32,101,110,100,59,114,101,116,117,114,110,32,113,40,112,
37,97,44,114,41,101,110,100,59,108,111,99,97,108,32,102,117,110,99,116,105,111,110,32,108,115,104,105,102,116,40,100,44,114,41,105,102,32,114,60,48,32,116,104,101,110,32,114,101,116,117,114,110,32,115,40,100,44,45,114,41,101,110,100,59,114,101,116,117,114,110,32,100,42,50,94,114,37,50,94,51,50,32,101,110,100,59,108,111,99,97,108,32,102,117,110,99,116,105,111,
110,32,116,40,112,44,114,41,112,61,112,37,97,59,114,61,114,37,51,50,59,108,111,99,97,108,32,117,61,110,40,112,44,50,94,114,45,49,41,114,101,116,117,114,110,32,115,40,112,44,114,41,43,108,115,104,105,102,116,40,117,44,51,50,45,114,41,101,110,100,59,108,111,99,97,108,32,118,61,123,48,120,52,50,56,97,50,102,57,56,44,48,120,55,49,51,55,52,52,57,
49,44,48,120,98,53,99,48,102,98,99,102,44,48,120,101,57,98,53,100,98,97,53,44,48,120,51,57,53,54,99,50,53,98,44,48,120,53,57,102,49,49,49,102,49,44,48,120,57,50,51,102,56,50,97,52,44,48,120,97,98,49,99,53,101,100,53,44,48,120,100,56,48,55,97,97,57,56,44,48,120,49,50,56,51,53,98,48,49,44,48,120,50,52,51,49,56,53,98,101,
44,48,120,53,53,48,99,55,100,99,51,44,48,120,55,50,98,101,53,100,55,52,44,48,120,56,48,100,101,98,49,102,101,44,48,120,57,98,100,99,48,54,97,55,44,48,120,99,49,57,98,102,49,55,52,44,48,120,101,52,57,98,54,57,99,49,44,48,120,101,102,98,101,52,55,56,54,44,48,120,48,102,99,49,57,100,99,54,44,48,120,50,52,48,99,97,49,99,99,44,
48,120,50,100,101,57,50,99,54,102,44,48,120,52,97,55,52,56,52,97,97,44,48,120,53,99,98,48,97,57,100,99,44,48,120,55,54,102,57,56,56,100,97,44,48,120,57,56,51,101,53,49,53,50,44,48,120,97,56,51,49,99,54,54,100,44,48,120,98,48,48,51,50,55,99,56,44,48,120,98,102,53,57,55,102,99,55,44,48,120,99,54,101,48,48,98,102,51,44,48,
120,100,53,97,55,57,49,52,55,44,48,120,48,54,99,97,54,51,53,49,44,48,120,49,52,50,57,50,57,54,55,44,48,120,50,55,98,55,48,97,56,53,44,48,120,50,101,49,98,50,49,51,56,44,48,120,52,100,50,99,54,100,102,99,44,48,120,53,51,51,56,48,100,49,51,44,48,120,54,53,48,97,55,51,53,52,44,48,120,55,54,54,97,48,97,98,98,44,48,120,
56,49,99,50,99,57,50,101,44,48,120,57,50,55,50,50,99,56,53,44,48,120,97,50,98,102,101,56,97,49,44,48,120,97,56,49,97,54,54,52,98,44,48,120,99,50,52,98,56,98,55,48,44,48,120,99,55,54,99,53,49,97,51,44,48,120,100,49,57,50,101,56,49,57,44,48,120,100,54,57,57,48,54,50,52,44,48,120,102,52,48,101,51,53,56,53,44,48,120,49,
48,54,97,97,48,55,48,44,48,120,49,57,97,52,99,49,49,54,44,48,120,49,101,51,55,54,99,48,56,44,48,120,50,55,52,56,55,55,52,99,44,48,120,51,52,98,48,98,99,98,53,44,48,120,51,57,49,99,48,99,98,51,44,48,120,52,101,100,56,97,97,52,97,44,48,120,53,98,57,99,99,97,52,102,44,48,120,54,56,50,101,54,102,102,51,44,48,120,55,52,
56,102,56,50,101,101,44,48,120,55,56,97,53,54,51,54,102,44,48,120,56,52,99,56,55,56,49,52,44,48,120,56,99,99,55,48,50,48,56,44,48,120,57,48,98,101,102,102,102,97,44,48,120,97,52,53,48,54,99,101,98,44,48,120,98,101,102,57,97,51,102,55,44,48,120,99,54,55,49,55,56,102,50,125,108,111,99,97,108,32,102,117,110,99,116,105,111,110,32,119,
40,120,41,114,101,116,117,114,110,32,115,116,114,105,110,103,46,103,115,117,98,40,120,44,34,46,34,44,102,117,110,99,116,105,111,110,40,108,41,114,101,116,117,114,110,32,115,116,114,105,110,103,46,102,111,114,109,97,116,40,34,37,48,50,120,34,44,115,116,114,105,110,103,46,98,121,116,101,40,108,41,41,101,110,100,41,101,110,100,59,108,111,99,97,108,32,102,117,110,99,
116,105,111,110,32,121,40,122,44,65,41,108,111,99,97,108,32,120,61,34,34,102,111,114,32,66,61,49,44,65,32,100,111,32,108,111,99,97,108,32,67,61,122,37,50,53,54,59,120,61,115,116,114,105,110,103,46,99,104,97,114,40,67,41,46,46,120,59,122,61,40,122,45,67,41,47,50,53,54,32,101,110,100,59,114,101,116,117,114,110,32,120,32,101,110,100,59,108,111,99,
97,108,32,102,117,110,99,116,105,111,110,32,68,40,120,44,66,41,108,111,99,97,108,32,65,61,48,59,102,111,114,32,66,61,66,44,66,43,51,32,100,111,32,65,61,65,42,50,53,54,43,115,116,114,105,110,103,46,98,121,116,101,40,120,44,66,41,101,110,100,59,114,101,116,117,114,110,32,65,32,101,110,100,59,108,111,99,97,108,32,102,117,110,99,116,105,111,110,32,69,
40,70,44,71,41,108,111,99,97,108,32,72,61,54,52,45,40,71,43,57,41,37,54,52,59,71,61,121,40,56,42,71,44,56,41,70,61,70,46,46,34,92,49,50,56,34,46,46,115,116,114,105,110,103,46,114,101,112,40,34,92,48,34,44,72,41,46,46,71,59,97,115,115,101,114,116,40,35,70,37,54,52,61,61,48,41,114,101,116,117,114,110,32,70,32,101,110,100,59,108,
111,99,97,108,32,102,117,110,99,116,105,111,110,32,73,40,74,41,74,91,49,93,61,48,120,54,97,48,57,101,54,54,55,59,74,91,50,93,61,48,120,98,98,54,55,97,101,56,53,59,74,91,51,93,61,48,120,51,99,54,101,102,51,55,50,59,74,91,52,93,61,48,120,97,53,52,102,102,53,51,97,59,74,91,53,93,61,48,120,53,49,48,101,53,50,55,102,59,74,91,
54,93,61,48,120,57,98,48,53,54,56,56,99,59,74,91,55,93,61,48,120,49,102,56,51,100,57,97,98,59,74,91,56,93,61,48,120,53,98,101,48,99,100,49,57,59,114,101,116,117,114,110,32,74,32,101,110,100,59,108,111,99,97,108,32,102,117,110,99,116,105,111,110,32,75,40,70,44,66,44,74,41,108,111,99,97,108,32,76,61,123,125,102,111,114,32,77,61,49,44,
49,54,32,100,111,32,76,91,77,93,61,68,40,70,44,66,43,40,77,45,49,41,42,52,41,101,110,100,59,102,111,114,32,77,61,49,55,44,54,52,32,100,111,32,108,111,99,97,108,32,78,61,76,91,77,45,49,53,93,108,111,99,97,108,32,79,61,107,40,116,40,78,44,55,41,44,116,40,78,44,49,56,41,44,115,40,78,44,51,41,41,78,61,76,91,77,45,50,93,76,
91,77,93,61,40,76,91,77,45,49,54,93,43,79,43,76,91,77,45,55,93,43,107,40,116,40,78,44,49,55,41,44,116,40,78,44,49,57,41,44,115,40,78,44,49,48,41,41,41,37,97,32,101,110,100,59,108,111,99,97,108,32,100,44,101,44,108,44,80,44,81,44,82,44,83,44,84,61,74,91,49,93,44,74,91,50,93,44,74,91,51,93,44,74,91,52,93,44,74,91,
53,93,44,74,91,54,93,44,74,91,55,93,44,74,91,56,93,102,111,114,32,66,61,49,44,54,52,32,100,111,32,108,111,99,97,108,32,79,61,107,40,116,40,100,44,50,41,44,116,40,100,44,49,51,41,44,116,40,100,44,50,50,41,41,108,111,99,97,108,32,85,61,107,40,110,40,100,44,101,41,44,110,40,100,44,108,41,44,110,40,101,44,108,41,41,108,111,99,97,108,
32,86,61,40,79,43,85,41,37,97,59,108,111,99,97,108,32,87,61,107,40,116,40,81,44,54,41,44,116,40,81,44,49,49,41,44,116,40,81,44,50,53,41,41,108,111,99,97,108,32,88,61,107,40,110,40,81,44,82,41,44,110,40,111,40,81,41,44,83,41,41,108,111,99,97,108,32,89,61,40,84,43,87,43,88,43,118,91,66,93,43,76,91,66,93,41,37,97,59,84,
61,83,59,83,61,82,59,82,61,81,59,81,61,40,80,43,89,41,37,97,59,80,61,108,59,108,61,101,59,101,61,100,59,100,61,40,89,43,86,41,37,97,32,101,110,100,59,74,91,49,93,61,40,74,91,49,93,43,100,41,37,97,59,74,91,50,93,61,40,74,91,50,93,43,101,41,37,97,59,74,91,51,93,61,40,74,91,51,93,43,108,41,37,97,59,74,91,52,93,61,
40,74,91,52,93,43,80,41,37,97,59,74,91,53,93,61,40,74,91,53,93,43,81,41,37,97,59,74,91,54,93,61,40,74,91,54,93,43,82,41,37,97,59,74,91,55,93,61,40,74,91,55,93,43,83,41,37,97,59,74,91,56,93,61,40,74,91,56,93,43,84,41,37,97,32,101,110,100,59,108,111,99,97,108,32,102,117,110,99,116,105,111,110,32,90,40,70,41,70,61,
69,40,70,44,35,70,41,108,111,99,97,108,32,74,61,73,40,123,125,41,102,111,114,32,66,61,49,44,35,70,44,54,52,32,100,111,32,75,40,70,44,66,44,74,41,101,110,100,59,114,101,116,117,114,110,32,119,40,121,40,74,91,49,93,44,52,41,46,46,121,40,74,91,50,93,44,52,41,46,46,121,40,74,91,51,93,44,52,41,46,46,121,40,74,91,52,93,44,52,41,
46,46,121,40,74,91,53,93,44,52,41,46,46,121,40,74,91,54,93,44,52,41,46,46,121,40,74,91,55,93,44,52,41,46,46,121,40,74,91,56,93,44,52,41,41,101,110,100,59,108,111,99,97,108,32,101,59,108,111,99,97,108,32,108,61,123,91,34,92,92,34,93,61,34,92,92,34,44,91,34,92,34,34,93,61,34,92,34,34,44,91,34,92,98,34,93,61,34,98,34,
44,91,34,92,102,34,93,61,34,102,34,44,91,34,92,110,34,93,61,34,110,34,44,91,34,92,114,34,93,61,34,114,34,44,91,34,92,116,34,93,61,34,116,34,125,108,111,99,97,108,32,80,61,123,91,34,47,34,93,61,34,47,34,125,102,111,114,32,81,44,82,32,105,110,32,112,97,105,114,115,40,108,41,100,111,32,80,91,82,93,61,81,32,101,110,100,59,108,111,99,
97,108,32,83,61,102,117,110,99,116,105,111,110,40,84,41,114,101,116,117,114,110,34,92,92,34,46,46,40,108,91,84,93,111,114,32,115,116,114,105,110,103,46,102,111,114,109,97,116,40,34,117,37,48,52,120,34,44,84,58,98,121,116,101,40,41,41,41,101,110,100,59,108,111,99,97,108,32,66,61,102,117,110,99,116,105,111,110,40,77,41,114,101,116,117,114,110,34,110,117,
108,108,34,101,110,100,59,108,111,99,97,108,32,118,61,102,117,110,99,116,105,111,110,40,77,44,122,41,108,111,99,97,108,32,95,61,123,125,122,61,122,32,111,114,123,125,105,102,32,122,91,77,93,116,104,101,110,32,101,114,114,111,114,40,34,99,105,114,99,117,108,97,114,32,114,101,102,101,114,101,110,99,101,34,41,101,110,100,59,122,91,77,93,61,116,114,117,101,59,105,
102,32,114,97,119,103,101,116,40,77,44,49,41,126,61,110,105,108,32,111,114,32,110,101,120,116,40,77,41,61,61,110,105,108,32,116,104,101,110,32,108,111,99,97,108,32,65,61,48,59,102,111,114,32,81,32,105,110,32,112,97,105,114,115,40,77,41,100,111,32,105,102,32,116,121,112,101,40,81,41,126,61,34,110,117,109,98,101,114,34,116,104,101,110,32,101,114,114,111,114,
40,34,105,110,118,97,108,105,100,32,116,97,98,108,101,58,32,109,105,120,101,100,32,111,114,32,105,110,118,97,108,105,100,32,107,101,121,32,116,121,112,101,115,34,41,101,110,100,59,65,61,65,43,49,32,101,110,100,59,105,102,32,65,126,61,35,77,32,116,104,101,110,32,101,114,114,111,114,40,34,105,110,118,97,108,105,100,32,116,97,98,108,101,58,32,115,112,97,114,115,
101,32,97,114,114,97,121,34,41,101,110,100,59,102,111,114,32,97,48,44,82,32,105,110,32,105,112,97,105,114,115,40,77,41,100,111,32,116,97,98,108,101,46,105,110,115,101,114,116,40,95,44,101,40,82,44,122,41,41,101,110,100,59,122,91,77,93,61,110,105,108,59,114,101,116,117,114,110,34,91,34,46,46,116,97,98,108,101,46,99,111,110,99,97,116,40,95,44,34,44,
34,41,46,46,34,93,34,101,108,115,101,32,102,111,114,32,81,44,82,32,105,110,32,112,97,105,114,115,40,77,41,100,111,32,105,102,32,116,121,112,101,40,81,41,126,61,34,115,116,114,105,110,103,34,116,104,101,110,32,101,114,114,111,114,40,34,105,110,118,97,108,105,100,32,116,97,98,108,101,58,32,109,105,120,101,100,32,111,114,32,105,110,118,97,108,105,100,32,107,101,
121,32,116,121,112,101,115,34,41,101,110,100,59,116,97,98,108,101,46,105,110,115,101,114,116,40,95,44,101,40,81,44,122,41,46,46,34,58,34,46,46,101,40,82,44,122,41,41,101,110,100,59,122,91,77,93,61,110,105,108,59,114,101,116,117,114,110,34,123,34,46,46,116,97,98,108,101,46,99,111,110,99,97,116,40,95,44,34,44,34,41,46,46,34,125,34,101,110,100,32,
101,110,100,59,108,111,99,97,108,32,103,61,102,117,110,99,116,105,111,110,40,77,41,114,101,116,117,114,110,39,34,39,46,46,77,58,103,115,117,98,40,39,91,37,122,92,49,45,92,51,49,92,92,34,93,39,44,83,41,46,46,39,34,39,101,110,100,59,108,111,99,97,108,32,97,49,61,102,117,110,99,116,105,111,110,40,77,41,105,102,32,77,126,61,77,32,111,114,32,77,
60,61,45,109,97,116,104,46,104,117,103,101,32,111,114,32,77,62,61,109,97,116,104,46,104,117,103,101,32,116,104,101,110,32,101,114,114,111,114,40,34,117,110,101,120,112,101,99,116,101,100,32,110,117,109,98,101,114,32,118,97,108,117,101,32,39,34,46,46,116,111,115,116,114,105,110,103,40,77,41,46,46,34,39,34,41,101,110,100,59,114,101,116,117,114,110,32,115,116,114,
105,110,103,46,102,111,114,109,97,116,40,34,37,46,49,52,103,34,44,77,41,101,110,100,59,108,111,99,97,108,32,106,61,123,91,34,110,105,108,34,93,61,66,44,91,34,116,97,98,108,101,34,93,61,118,44,91,34,115,116,114,105,110,103,34,93,61,103,44,91,34,110,117,109,98,101,114,34,93,61,97,49,44,91,34,98,111,111,108,101,97,110,34,93,61,116,111,115,116,114,
105,110,103,125,101,61,102,117,110,99,116,105,111,110,40,77,44,122,41,108,111,99,97,108,32,120,61,116,121,112,101,40,77,41,108,111,99,97,108,32,97,50,61,106,91,120,93,105,102,32,97,50,32,116,104,101,110,32,114,101,116,117,114,110,32,97,50,40,77,44,122,41,101,110,100,59,101,114,114,111,114,40,34,117,110,101,120,112,101,99,116,101,100,32,116,121,112,101,32,39,
34,46,46,120,46,46,34,39,34,41,101,110,100,59,108,111,99,97,108,32,97,51,61,102,117,110,99,116,105,111,110,40,77,41,114,101,116,117,114,110,32,101,40,77,41,101,110,100,59,108,111,99,97,108,32,97,52,59,108,111,99,97,108,32,78,61,102,117,110,99,116,105,111,110,40,46,46,46,41,108,111,99,97,108,32,95,61,123,125,102,111,114,32,97,48,61,49,44,115,101,
108,101,99,116,40,34,35,34,44,46,46,46,41,100,111,32,95,91,115,101,108,101,99,116,40,97,48,44,46,46,46,41,93,61,116,114,117,101,32,101,110,100,59,114,101,116,117,114,110,32,95,32,101,110,100,59,108,111,99,97,108,32,76,61,78,40,34,32,34,44,34,92,116,34,44,34,92,114,34,44,34,92,110,34,41,108,111,99,97,108,32,112,61,78,40,34,32,34,44,34,
92,116,34,44,34,92,114,34,44,34,92,110,34,44,34,93,34,44,34,125,34,44,34,44,34,41,108,111,99,97,108,32,97,53,61,78,40,34,92,92,34,44,34,47,34,44,39,34,39,44,34,98,34,44,34,102,34,44,34,110,34,44,34,114,34,44,34,116,34,44,34,117,34,41,108,111,99,97,108,32,109,61,78,40,34,116,114,117,101,34,44,34,102,97,108,115,101,34,44,34,
110,117,108,108,34,41,108,111,99,97,108,32,97,54,61,123,91,34,116,114,117,101,34,93,61,116,114,117,101,44,91,34,102,97,108,115,101,34,93,61,102,97,108,115,101,44,91,34,110,117,108,108,34,93,61,110,105,108,125,108,111,99,97,108,32,97,55,61,102,117,110,99,116,105,111,110,40,97,56,44,97,57,44,97,97,44,97,98,41,102,111,114,32,97,48,61,97,57,44,35,
97,56,32,100,111,32,105,102,32,97,97,91,97,56,58,115,117,98,40,97,48,44,97,48,41,93,126,61,97,98,32,116,104,101,110,32,114,101,116,117,114,110,32,97,48,32,101,110,100,32,101,110,100,59,114,101,116,117,114,110,35,97,56,43,49,32,101,110,100,59,108,111,99,97,108,32,97,99,61,102,117,110,99,116,105,111,110,40,97,56,44,97,57,44,74,41,108,111,99,97,
108,32,97,100,61,49,59,108,111,99,97,108,32,97,101,61,49,59,102,111,114,32,97,48,61,49,44,97,57,45,49,32,100,111,32,97,101,61,97,101,43,49,59,105,102,32,97,56,58,115,117,98,40,97,48,44,97,48,41,61,61,34,92,110,34,116,104,101,110,32,97,100,61,97,100,43,49,59,97,101,61,49,32,101,110,100,32,101,110,100,59,101,114,114,111,114,40,115,116,114,
105,110,103,46,102,111,114,109,97,116,40,34,37,115,32,97,116,32,108,105,110,101,32,37,100,32,99,111,108,32,37,100,34,44,74,44,97,100,44,97,101,41,41,101,110,100,59,108,111,99,97,108,32,97,102,61,102,117,110,99,116,105,111,110,40,65,41,108,111,99,97,108,32,97,50,61,109,97,116,104,46,102,108,111,111,114,59,105,102,32,65,60,61,48,120,55,102,32,116,104,
101,110,32,114,101,116,117,114,110,32,115,116,114,105,110,103,46,99,104,97,114,40,65,41,101,108,115,101,105,102,32,65,60,61,48,120,55,102,102,32,116,104,101,110,32,114,101,116,117,114,110,32,115,116,114,105,110,103,46,99,104,97,114,40,97,50,40,65,47,54,52,41,43,49,57,50,44,65,37,54,52,43,49,50,56,41,101,108,115,101,105,102,32,65,60,61,48,120,102,102,
102,102,32,116,104,101,110,32,114,101,116,117,114,110,32,115,116,114,105,110,103,46,99,104,97,114,40,97,50,40,65,47,52,48,57,54,41,43,50,50,52,44,97,50,40,65,37,52,48,57,54,47,54,52,41,43,49,50,56,44,65,37,54,52,43,49,50,56,41,101,108,115,101,105,102,32,65,60,61,48,120,49,48,102,102,102,102,32,116,104,101,110,32,114,101,116,117,114,110,32,
115,116,114,105,110,103,46,99,104,97,114,40,97,50,40,65,47,50,54,50,49,52,52,41,43,50,52,48,44,97,50,40,65,37,50,54,50,49,52,52,47,52,48,57,54,41,43,49,50,56,44,97,50,40,65,37,52,48,57,54,47,54,52,41,43,49,50,56,44,65,37,54,52,43,49,50,56,41,101,110,100,59,101,114,114,111,114,40,115,116,114,105,110,103,46,102,111,114,109,97,
116,40,34,105,110,118,97,108,105,100,32,117,110,105,99,111,100,101,32,99,111,100,101,112,111,105,110,116,32,39,37,120,39,34,44,65,41,41,101,110,100,59,108,111,99,97,108,32,97,103,61,102,117,110,99,116,105,111,110,40,97,104,41,108,111,99,97,108,32,97,105,61,116,111,110,117,109,98,101,114,40,97,104,58,115,117,98,40,49,44,52,41,44,49,54,41,108,111,99,97,
108,32,97,106,61,116,111,110,117,109,98,101,114,40,97,104,58,115,117,98,40,55,44,49,48,41,44,49,54,41,105,102,32,97,106,32,116,104,101,110,32,114,101,116,117,114,110,32,97,102,40,40,97,105,45,48,120,100,56,48,48,41,42,48,120,52,48,48,43,97,106,45,48,120,100,99,48,48,43,48,120,49,48,48,48,48,41,101,108,115,101,32,114,101,116,117,114,110,32,97,
102,40,97,105,41,101,110,100,32,101,110,100,59,108,111,99,97,108,32,97,107,61,102,117,110,99,116,105,111,110,40,97,56,44,97,48,41,108,111,99,97,108,32,95,61,34,34,108,111,99,97,108,32,97,108,61,97,48,43,49,59,108,111,99,97,108,32,81,61,97,108,59,119,104,105,108,101,32,97,108,60,61,35,97,56,32,100,111,32,108,111,99,97,108,32,97,109,61,97,56,
58,98,121,116,101,40,97,108,41,105,102,32,97,109,60,51,50,32,116,104,101,110,32,97,99,40,97,56,44,97,108,44,34,99,111,110,116,114,111,108,32,99,104,97,114,97,99,116,101,114,32,105,110,32,115,116,114,105,110,103,34,41,101,108,115,101,105,102,32,97,109,61,61,57,50,32,116,104,101,110,32,95,61,95,46,46,97,56,58,115,117,98,40,81,44,97,108,45,49,41,
97,108,61,97,108,43,49,59,108,111,99,97,108,32,84,61,97,56,58,115,117,98,40,97,108,44,97,108,41,105,102,32,84,61,61,34,117,34,116,104,101,110,32,108,111,99,97,108,32,97,110,61,97,56,58,109,97,116,99,104,40,34,94,91,100,68,93,91,56,57,97,65,98,66,93,37,120,37,120,92,92,117,37,120,37,120,37,120,37,120,34,44,97,108,43,49,41,111,114,32,
97,56,58,109,97,116,99,104,40,34,94,37,120,37,120,37,120,37,120,34,44,97,108,43,49,41,111,114,32,97,99,40,97,56,44,97,108,45,49,44,34,105,110,118,97,108,105,100,32,117,110,105,99,111,100,101,32,101,115,99,97,112,101,32,105,110,32,115,116,114,105,110,103,34,41,95,61,95,46,46,97,103,40,97,110,41,97,108,61,97,108,43,35,97,110,32,101,108,115,101,
32,105,102,32,110,111,116,32,97,53,91,84,93,116,104,101,110,32,97,99,40,97,56,44,97,108,45,49,44,34,105,110,118,97,108,105,100,32,101,115,99,97,112,101,32,99,104,97,114,32,39,34,46,46,84,46,46,34,39,32,105,110,32,115,116,114,105,110,103,34,41,101,110,100,59,95,61,95,46,46,80,91,84,93,101,110,100,59,81,61,97,108,43,49,32,101,108,115,101,105,
102,32,97,109,61,61,51,52,32,116,104,101,110,32,95,61,95,46,46,97,56,58,115,117,98,40,81,44,97,108,45,49,41,114,101,116,117,114,110,32,95,44,97,108,43,49,32,101,110,100,59,97,108,61,97,108,43,49,32,101,110,100,59,97,99,40,97,56,44,97,48,44,34,101,120,112,101,99,116,101,100,32,99,108,111,115,105,110,103,32,113,117,111,116,101,32,102,111,114,32,
115,116,114,105,110,103,34,41,101,110,100,59,108,111,99,97,108,32,97,111,61,102,117,110,99,116,105,111,110,40,97,56,44,97,48,41,108,111,99,97,108,32,97,109,61,97,55,40,97,56,44,97,48,44,112,41,108,111,99,97,108,32,97,104,61,97,56,58,115,117,98,40,97,48,44,97,109,45,49,41,108,111,99,97,108,32,65,61,116,111,110,117,109,98,101,114,40,97,104,41,
105,102,32,110,111,116,32,65,32,116,104,101,110,32,97,99,40,97,56,44,97,48,44,34,105,110,118,97,108,105,100,32,110,117,109,98,101,114,32,39,34,46,46,97,104,46,46,34,39,34,41,101,110,100,59,114,101,116,117,114,110,32,65,44,97,109,32,101,110,100,59,108,111,99,97,108,32,97,112,61,102,117,110,99,116,105,111,110,40,97,56,44,97,48,41,108,111,99,97,108,
32,97,109,61,97,55,40,97,56,44,97,48,44,112,41,108,111,99,97,108,32,97,113,61,97,56,58,115,117,98,40,97,48,44,97,109,45,49,41,105,102,32,110,111,116,32,109,91,97,113,93,116,104,101,110,32,97,99,40,97,56,44,97,48,44,34,105,110,118,97,108,105,100,32,108,105,116,101,114,97,108,32,39,34,46,46,97,113,46,46,34,39,34,41,101,110,100,59,114,101,
116,117,114,110,32,97,54,91,97,113,93,44,97,109,32,101,110,100,59,108,111,99,97,108,32,97,114,61,102,117,110,99,116,105,111,110,40,97,56,44,97,48,41,108,111,99,97,108,32,95,61,123,125,108,111,99,97,108,32,65,61,49,59,97,48,61,97,48,43,49,59,119,104,105,108,101,32,49,32,100,111,32,108,111,99,97,108,32,97,109,59,97,48,61,97,55,40,97,56,44,
97,48,44,76,44,116,114,117,101,41,105,102,32,97,56,58,115,117,98,40,97,48,44,97,48,41,61,61,34,93,34,116,104,101,110,32,97,48,61,97,48,43,49,59,98,114,101,97,107,32,101,110,100,59,97,109,44,97,48,61,97,52,40,97,56,44,97,48,41,95,91,65,93,61,97,109,59,65,61,65,43,49,59,97,48,61,97,55,40,97,56,44,97,48,44,76,44,116,114,117,
101,41,108,111,99,97,108,32,97,115,61,97,56,58,115,117,98,40,97,48,44,97,48,41,97,48,61,97,48,43,49,59,105,102,32,97,115,61,61,34,93,34,116,104,101,110,32,98,114,101,97,107,32,101,110,100,59,105,102,32,97,115,126,61,34,44,34,116,104,101,110,32,97,99,40,97,56,44,97,48,44,34,101,120,112,101,99,116,101,100,32,39,93,39,32,111,114,32,39,44,
39,34,41,101,110,100,32,101,110,100,59,114,101,116,117,114,110,32,95,44,97,48,32,101,110,100,59,108,111,99,97,108,32,97,116,61,102,117,110,99,116,105,111,110,40,97,56,44,97,48,41,108,111,99,97,108,32,95,61,123,125,97,48,61,97,48,43,49,59,119,104,105,108,101,32,49,32,100,111,32,108,111,99,97,108,32,97,117,44,77,59,97,48,61,97,55,40,97,56,44,
97,48,44,76,44,116,114,117,101,41,105,102,32,97,56,58,115,117,98,40,97,48,44,97,48,41,61,61,34,125,34,116,104,101,110,32,97,48,61,97,48,43,49,59,98,114,101,97,107,32,101,110,100,59,105,102,32,97,56,58,115,117,98,40,97,48,44,97,48,41,126,61,39,34,39,116,104,101,110,32,97,99,40,97,56,44,97,48,44,34,101,120,112,101,99,116,101,100,32,115,
116,114,105,110,103,32,102,111,114,32,107,101,121,34,41,101,110,100,59,97,117,44,97,48,61,97,52,40,97,56,44,97,48,41,97,48,61,97,55,40,97,56,44,97,48,44,76,44,116,114,117,101,41,105,102,32,97,56,58,115,117,98,40,97,48,44,97,48,41,126,61,34,58,34,116,104,101,110,32,97,99,40,97,56,44,97,48,44,34,101,120,112,101,99,116,101,100,32,39,58,
39,32,97,102,116,101,114,32,107,101,121,34,41,101,110,100,59,97,48,61,97,55,40,97,56,44,97,48,43,49,44,76,44,116,114,117,101,41,77,44,97,48,61,97,52,40,97,56,44,97,48,41,95,91,97,117,93,61,77,59,97,48,61,97,55,40,97,56,44,97,48,44,76,44,116,114,117,101,41,108,111,99,97,108,32,97,115,61,97,56,58,115,117,98,40,97,48,44,97,48,
41,97,48,61,97,48,43,49,59,105,102,32,97,115,61,61,34,125,34,116,104,101,110,32,98,114,101,97,107,32,101,110,100,59,105,102,32,97,115,126,61,34,44,34,116,104,101,110,32,97,99,40,97,56,44,97,48,44,34,101,120,112,101,99,116,101,100,32,39,125,39,32,111,114,32,39,44,39,34,41,101,110,100,32,101,110,100,59,114,101,116,117,114,110,32,95,44,97,48,32,
101,110,100,59,108,111,99,97,108,32,97,118,61,123,91,39,34,39,93,61,97,107,44,91,34,48,34,93,61,97,111,44,91,34,49,34,93,61,97,111,44,91,34,50,34,93,61,97,111,44,91,34,51,34,93,61,97,111,44,91,34,52,34,93,61,97,111,44,91,34,53,34,93,61,97,111,44,91,34,54,34,93,61,97,111,44,91,34,55,34,93,61,97,111,44,91,34,56,34,93,
61,97,111,44,91,34,57,34,93,61,97,111,44,91,34,45,34,93,61,97,111,44,91,34,116,34,93,61,97,112,44,91,34,102,34,93,61,97,112,44,91,34,110,34,93,61,97,112,44,91,34,91,34,93,61,97,114,44,91,34,123,34,93,61,97,116,125,97,52,61,102,117,110,99,116,105,111,110,40,97,56,44,97,57,41,108,111,99,97,108,32,97,115,61,97,56,58,115,117,98,
40,97,57,44,97,57,41,108,111,99,97,108,32,97,50,61,97,118,91,97,115,93,105,102,32,97,50,32,116,104,101,110,32,114,101,116,117,114,110,32,97,50,40,97,56,44,97,57,41,101,110,100,59,97,99,40,97,56,44,97,57,44,34,117,110,101,120,112,101,99,116,101,100,32,99,104,97,114,97,99,116,101,114,32,39,34,46,46,97,115,46,46,34,39,34,41,101,110,100,59,
108,111,99,97,108,32,97,119,61,102,117,110,99,116,105,111,110,40,97,56,41,105,102,32,116,121,112,101,40,97,56,41,126,61,34,115,116,114,105,110,103,34,116,104,101,110,32,101,114,114,111,114,40,34,101,120,112,101,99,116,101,100,32,97,114,103,117,109,101,110,116,32,111,102,32,116,121,112,101,32,115,116,114,105,110,103,44,32,103,111,116,32,34,46,46,116,121,112,101,40,
97,56,41,41,101,110,100,59,108,111,99,97,108,32,95,44,97,57,61,97,52,40,97,56,44,97,55,40,97,56,44,49,44,76,44,116,114,117,101,41,41,97,57,61,97,55,40,97,56,44,97,57,44,76,44,116,114,117,101,41,105,102,32,97,57,60,61,35,97,56,32,116,104,101,110,32,97,99,40,97,56,44,97,57,44,34,116,114,97,105,108,105,110,103,32,103,97,114,98,97,
103,101,34,41,101,110,100,59,114,101,116,117,114,110,32,95,32,101,110,100,59,13,10,108,111,99,97,108,32,108,69,110,99,111,100,101,44,32,108,68,101,99,111,100,101,44,32,108,68,105,103,101,115,116,32,61,32,97,51,44,32,97,119,44,32,90,59,13,10,45,45,45,45,45,45,45,45,45,45,45,45,45,45,45,45,45,45,45,45,45,45,45,45,45,45,45,45,45,45,45,
45,45,45,45,45,45,45,45,45,45,45,45,45,45,45,45,45,45,45,45,45,45,45,45,45,45,45,45,45,45,45,45,45,45,45,45,45,45,45,45,45,45,45,45,45,45,45,45,13,10,13,10,45,45,45,45,45,45,45,45,45,45,45,45,45,45,45,45,45,45,45,45,45,45,45,45,45,45,45,45,45,45,45,45,45,45,45,45,45,45,45,45,45,45,45,45,45,45,45,45,
45,45,45,45,45,45,45,45,45,45,45,45,45,45,45,45,45,45,45,45,45,45,45,45,45,45,45,45,45,45,45,13,10,45,45,33,32,112,108,97,116,111,98,111,111,115,116,32,108,105,98,114,97,114,121,13,10,13,10,45,45,33,32,99,111,110,102,105,103,117,114,97,116,105,111,110,13,10,108,111,99,97,108,32,115,101,114,118,105,99,101,32,61,32,50,57,48,55,54,59,
32,32,45,45,32,121,111,117,114,32,115,101,114,118,105,99,101,32,105,100,44,32,116,104,105,115,32,105,115,32,117,115,101,100,32,116,111,32,105,100,101,110,116,105,102,121,32,121,111,117,114,32,115,101,114,118,105,99,101,46,13,10,108,111,99,97,108,32,115,101,99,114,101,116,32,61,32,34,55,102,98,49,97,55,101,100,45,49,53,53,101,45,52,49,98,100,45,57,52,102,
49,45,57,49,101,48,100,55,48,55,102,98,98,54,34,59,32,32,45,45,32,109,97,107,101,32,115,117,114,101,32,116,111,32,111,98,102,117,115,99,97,116,101,32,116,104,105,115,32,105,102,32,121,111,117,32,119,97,110,116,32,116,111,32,101,110,115,117,114,101,32,115,101,99,117,114,105,116,121,46,13,10,108,111,99,97,108,32,117,115,101,78,111,110,99,101,32,61,32,116,
114,117,101,59,32,32,45,45,32,117,115,101,32,97,32,110,111,110,99,101,32,116,111,32,112,114,101,118,101,110,116,32,114,101,112,108,97,121,32,97,116,116,97,99,107,115,32,97,110,100,32,114,101,113,117,101,115,116,32,116,97,109,112,101,114,105,110,103,46,13,10,13,10,45,45,33,32,99,97,108,108,98,97,99,107,115,13,10,108,111,99,97,108,32,111,110,77,101,115,115,
97,103,101,32,61,32,102,117,110,99,116,105,111,110,40,109,101,115,115,97,103,101,41,32,105,102,32,95,71,46,85,112,100,97,116,101,75,101,121,84,105,116,108,101,32,116,104,101,110,32,95,71,46,85,112,100,97,116,101,75,101,121,84,105,116,108,101,40,109,101,115,115,97,103,101,41,32,101,108,115,101,32,112,114,105,110,116,40,109,101,115,115,97,103,101,41,32,101,110,100,
32,101,110,100,59,13,10,13,10,45,45,33,32,119,97,105,116,32,102,111,114,32,103,97,109,101,32,116,111,32,108,111,97,100,13,10,114,101,112,101,97,116,32,116,97,115,107,46,119,97,105,116,40,49,41,32,117,110,116,105,108,32,103,97,109,101,58,73,115,76,111,97,100,101,100,40,41,59,13,10,13,10,45,45,33,32,102,117,110,99,116,105,111,110,115,13,10,108,111,99,
97,108,32,114,101,113,117,101,115,116,83,101,110,100,105,110,103,32,61,32,102,97,108,115,101,59,13,10,108,111,99,97,108,32,102,83,101,116,67,108,105,112,98,111,97,114,100,44,32,102,82,101,113,117,101,115,116,44,32,102,83,116,114,105,110,103,67,104,97,114,44,32,102,84,111,83,116,114,105,110,103,44,32,102,83,116,114,105,110,103,83,117,98,44,32,102,79,115,84,105,
109,101,44,32,102,77,97,116,104,82,97,110,100,111,109,44,32,102,77,97,116,104,70,108,111,111,114,44,32,102,71,101,116,72,119,105,100,32,61,32,115,101,116,99,108,105,112,98,111,97,114,100,32,111,114,32,116,111,99,108,105,112,98,111,97,114,100,44,32,114,101,113,117,101,115,116,32,111,114,32,104,116,116,112,95,114,101,113,117,101,115,116,32,111,114,32,115,121,110,95,
114,101,113,117,101,115,116,44,32,115,116,114,105,110,103,46,99,104,97,114,44,32,116,111,115,116,114,105,110,103,44,32,115,116,114,105,110,103,46,115,117,98,44,32,111,115,46,116,105,109,101,44,32,109,97,116,104,46,114,97,110,100,111,109,44,32,109,97,116,104,46,102,108,111,111,114,44,32,103,101,116,104,119,105,100,32,111,114,32,102,117,110,99,116,105,111,110,40,41,32,
114,101,116,117,114,110,32,103,97,109,101,58,71,101,116,83,101,114,118,105,99,101,40,34,80,108,97,121,101,114,115,34,41,46,76,111,99,97,108,80,108,97,121,101,114,46,85,115,101,114,73,100,32,101,110,100,13,10,108,111,99,97,108,32,99,97,99,104,101,100,76,105,110,107,44,32,99,97,99,104,101,100,84,105,109,101,32,61,32,34,34,44,32,48,59,13,10,13,10,45,
45,33,32,112,105,99,107,32,104,111,115,116,13,10,108,111,99,97,108,32,104,111,115,116,32,61,32,34,104,116,116,112,115,58,47,47,97,112,105,46,112,108,97,116,111,98,111,111,115,116,46,99,111,109,34,59,13,10,108,111,99,97,108,32,104,111,115,116,82,101,115,112,111,110,115,101,32,61,32,102,82,101,113,117,101,115,116,40,123,13,10,32,32,32,32,85,114,108,32,61,
32,104,111,115,116,32,46,46,32,34,47,112,117,98,108,105,99,47,99,111,110,110,101,99,116,105,118,105,116,121,34,44,13,10,32,32,32,32,77,101,116,104,111,100,32,61,32,34,71,69,84,34,13,10,125,41,59,13,10,105,102,32,104,111,115,116,82,101,115,112,111,110,115,101,46,83,116,97,116,117,115,67,111,100,101,32,126,61,32,50,48,48,32,111,114,32,104,111,115,116,
82,101,115,112,111,110,115,101,46,83,116,97,116,117,115,67,111,100,101,32,126,61,32,52,50,57,32,116,104,101,110,13,10,32,32,32,32,104,111,115,116,32,61,32,34,104,116,116,112,115,58,47,47,97,112,105,46,112,108,97,116,111,98,111,111,115,116,46,110,101,116,34,59,13,10,101,110,100,13,10,13,10,45,45,33,111,112,116,105,109,105,122,101,32,50,13,10,102,117,110,
99,116,105,111,110,32,99,97,99,104,101,76,105,110,107,40,41,13,10,32,32,32,32,105,102,32,99,97,99,104,101,100,84,105,109,101,32,43,32,40,49,48,42,54,48,41,32,60,32,102,79,115,84,105,109,101,40,41,32,116,104,101,110,13,10,32,32,32,32,32,32,32,32,108,111,99,97,108,32,114,101,115,112,111,110,115,101,32,61,32,102,82,101,113,117,101,115,116,40,123,
13,10,32,32,32,32,32,32,32,32,32,32,32,32,85,114,108,32,61,32,104,111,115,116,32,46,46,32,34,47,112,117,98,108,105,99,47,115,116,97,114,116,34,44,13,10,32,32,32,32,32,32,32,32,32,32,32,32,77,101,116,104,111,100,32,61,32,34,80,79,83,84,34,44,13,10,32,32,32,32,32,32,32,32,32,32,32,32,66,111,100,121,32,61,32,108,69,110,99,111,
100,101,40,123,13,10,32,32,32,32,32,32,32,32,32,32,32,32,32,32,32,32,115,101,114,118,105,99,101,32,61,32,115,101,114,118,105,99,101,44,13,10,32,32,32,32,32,32,32,32,32,32,32,32,32,32,32,32,105,100,101,110,116,105,102,105,101,114,32,61,32,108,68,105,103,101,115,116,40,102,71,101,116,72,119,105,100,40,41,41,13,10,32,32,32,32,32,32,32,32,
32,32,32,32,125,41,44,13,10,32,32,32,32,32,32,32,32,32,32,32,32,72,101,97,100,101,114,115,32,61,32,123,13,10,32,32,32,32,32,32,32,32,32,32,32,32,32,32,32,32,91,34,67,111,110,116,101,110,116,45,84,121,112,101,34,93,32,61,32,34,97,112,112,108,105,99,97,116,105,111,110,47,106,115,111,110,34,13,10,32,32,32,32,32,32,32,32,32,32,32,
32,125,13,10,32,32,32,32,32,32,32,32,125,41,59,13,10,13,10,32,32,32,32,32,32,32,32,105,102,32,114,101,115,112,111,110,115,101,46,83,116,97,116,117,115,67,111,100,101,32,61,61,32,50,48,48,32,116,104,101,110,13,10,32,32,32,32,32,32,32,32,32,32,32,32,108,111,99,97,108,32,100,101,99,111,100,101,100,32,61,32,108,68,101,99,111,100,101,40,114,
101,115,112,111,110,115,101,46,66,111,100,121,41,59,13,10,13,10,32,32,32,32,32,32,32,32,32,32,32,32,105,102,32,100,101,99,111,100,101,100,46,115,117,99,99,101,115,115,32,61,61,32,116,114,117,101,32,116,104,101,110,13,10,32,32,32,32,32,32,32,32,32,32,32,32,32,32,32,32,99,97,99,104,101,100,76,105,110,107,32,61,32,100,101,99,111,100,101,100,46,
100,97,116,97,46,117,114,108,59,13,10,32,32,32,32,32,32,32,32,32,32,32,32,32,32,32,32,99,97,99,104,101,100,84,105,109,101,32,61,32,102,79,115,84,105,109,101,40,41,59,13,10,32,32,32,32,32,32,32,32,32,32,32,32,32,32,32,32,114,101,116,117,114,110,32,116,114,117,101,44,32,99,97,99,104,101,100,76,105,110,107,59,13,10,32,32,32,32,32,32,
32,32,32,32,32,32,101,108,115,101,13,10,32,32,32,32,32,32,32,32,32,32,32,32,32,32,32,32,111,110,77,101,115,115,97,103,101,40,100,101,99,111,100,101,100,46,109,101,115,115,97,103,101,41,59,13,10,32,32,32,32,32,32,32,32,32,32,32,32,32,32,32,32,114,101,116,117,114,110,32,102,97,108,115,101,44,32,100,101,99,111,100,101,100,46,109,101,115,115,97,
103,101,59,13,10,32,32,32,32,32,32,32,32,32,32,32,32,101,110,100,13,10,32,32,32,32,32,32,32,32,101,108,115,101,105,102,32,114,101,115,112,111,110,115,101,46,83,116,97,116,117,115,67,111,100,101,32,61,61,32,52,50,57,32,116,104,101,110,13,10,32,32,32,32,32,32,32,32,32,32,32,32,108,111,99,97,108,32,109,115,103,32,61,32,34,121,111,117,32,97,
114,101,32,98,101,105,110,103,32,114,97,116,101,32,108,105,109,105,116,101,100,44,32,112,108,101,97,115,101,32,119,97,105,116,32,50,48,32,115,101,99,111,110,100,115,32,97,110,100,32,116,114,121,32,97,103,97,105,110,46,34,59,13,10,32,32,32,32,32,32,32,32,32,32,32,32,111,110,77,101,115,115,97,103,101,40,109,115,103,41,59,13,10,32,32,32,32,32,32,32,
32,32,32,32,32,114,101,116,117,114,110,32,102,97,108,115,101,44,32,109,115,103,59,13,10,32,32,32,32,32,32,32,32,101,110,100,13,10,13,10,32,32,32,32,32,32,32,32,108,111,99,97,108,32,109,115,103,32,61,32,34,70,97,105,108,101,100,32,116,111,32,99,97,99,104,101,32,108,105,110,107,46,34,59,13,10,32,32,32,32,32,32,32,32,111,110,77,101,115,115,
97,103,101,40,109,115,103,41,59,13,10,32,32,32,32,32,32,32,32,114,101,116,117,114,110,32,102,97,108,115,101,44,32,109,115,103,59,13,10,32,32,32,32,101,108,115,101,13,10,32,32,32,32,32,32,32,32,114,101,116,117,114,110,32,116,114,117,101,44,32,99,97,99,104,101,100,76,105,110,107,59,13,10,32,32,32,32,101,110,100,13,10,101,110,100,13,10,13,10,99,
97,99,104,101,76,105,110,107,40,41,59,13,10,13,10,45,45,33,111,112,116,105,109,105,122,101,32,50,13,10,108,111,99,97,108,32,103,101,110,101,114,97,116,101,78,111,110,99,101,32,61,32,102,117,110,99,116,105,111,110,40,41,13,10,32,32,32,32,108,111,99,97,108,32,115,116,114,32,61,32,34,34,13,10,32,32,32,32,102,111,114,32,95,32,61,32,49,44,32,49,
54,32,100,111,13,10,32,32,32,32,32,32,32,32,115,116,114,32,61,32,115,116,114,32,46,46,32,102,83,116,114,105,110,103,67,104,97,114,40,102,77,97,116,104,70,108,111,111,114,40,102,77,97,116,104,82,97,110,100,111,109,40,41,32,42,32,40,49,50,50,32,45,32,57,55,32,43,32,49,41,41,32,43,32,57,55,41,13,10,32,32,32,32,101,110,100,13,10,32,32,
32,32,114,101,116,117,114,110,32,115,116,114,13,10,101,110,100,13,10,13,10,45,45,33,111,112,116,105,109,105,122,101,32,49,13,10,102,111,114,32,95,32,61,32,49,44,32,53,32,100,111,13,10,32,32,32,32,108,111,99,97,108,32,111,78,111,110,99,101,32,61,32,103,101,110,101,114,97,116,101,78,111,110,99,101,40,41,59,13,10,32,32,32,32,116,97,115,107,46,119,
97,105,116,40,48,46,50,41,13,10,32,32,32,32,105,102,32,103,101,110,101,114,97,116,101,78,111,110,99,101,40,41,32,61,61,32,111,78,111,110,99,101,32,116,104,101,110,13,10,32,32,32,32,32,32,32,32,108,111,99,97,108,32,109,115,103,32,61,32,34,112,108,97,116,111,98,111,111,115,116,32,110,111,110,99,101,32,101,114,114,111,114,46,34,59,13,10,32,32,32,
32,32,32,32,32,111,110,77,101,115,115,97,103,101,40,109,115,103,41,59,13,10,32,32,32,32,32,32,32,32,101,114,114,111,114,40,109,115,103,41,59,13,10,32,32,32,32,101,110,100,13,10,101,110,100,13,10,13,10,45,45,33,111,112,116,105,109,105,122,101,32,50,13,10,108,111,99,97,108,32,99,111,112,121,76,105,110,107,32,61,32,102,117,110,99,116,105,111,110,40,
41,13,10,32,32,32,32,108,111,99,97,108,32,115,117,99,99,101,115,115,44,32,108,105,110,107,32,61,32,99,97,99,104,101,76,105,110,107,40,41,59,13,10,32,32,32,32,13,10,32,32,32,32,105,102,32,115,117,99,99,101,115,115,32,116,104,101,110,13,10,32,32,32,32,32,32,32,32,102,83,101,116,67,108,105,112,98,111,97,114,100,40,108,105,110,107,41,59,13,10,
32,32,32,32,101,110,100,13,10,101,110,100,13,10,13,10,45,45,33,111,112,116,105,109,105,122,101,32,50,13,10,108,111,99,97,108,32,114,101,100,101,101,109,75,101,121,32,61,32,102,117,110,99,116,105,111,110,40,107,101,121,41,13,10,32,32,32,32,108,111,99,97,108,32,110,111,110,99,101,32,61,32,103,101,110,101,114,97,116,101,78,111,110,99,101,40,41,59,13,10,
32,32,32,32,108,111,99,97,108,32,101,110,100,112,111,105,110,116,32,61,32,104,111,115,116,32,46,46,32,34,47,112,117,98,108,105,99,47,114,101,100,101,101,109,47,34,32,46,46,32,102,84,111,83,116,114,105,110,103,40,115,101,114,118,105,99,101,41,59,13,10,13,10,32,32,32,32,108,111,99,97,108,32,98,111,100,121,32,61,32,123,13,10,32,32,32,32,32,32,32,
32,105,100,101,110,116,105,102,105,101,114,32,61,32,108,68,105,103,101,115,116,40,102,71,101,116,72,119,105,100,40,41,41,44,13,10,32,32,32,32,32,32,32,32,107,101,121,32,61,32,107,101,121,13,10,32,32,32,32,125,13,10,13,10,32,32,32,32,105,102,32,117,115,101,78,111,110,99,101,32,116,104,101,110,13,10,32,32,32,32,32,32,32,32,98,111,100,121,46,110,
111,110,99,101,32,61,32,110,111,110,99,101,59,13,10,32,32,32,32,101,110,100,13,10,13,10,32,32,32,32,108,111,99,97,108,32,114,101,115,112,111,110,115,101,32,61,32,102,82,101,113,117,101,115,116,40,123,13,10,32,32,32,32,32,32,32,32,85,114,108,32,61,32,101,110,100,112,111,105,110,116,44,13,10,32,32,32,32,32,32,32,32,77,101,116,104,111,100,32,61,
32,34,80,79,83,84,34,44,13,10,32,32,32,32,32,32,32,32,66,111,100,121,32,61,32,108,69,110,99,111,100,101,40,98,111,100,121,41,44,13,10,32,32,32,32,32,32,32,32,72,101,97,100,101,114,115,32,61,32,123,13,10,32,32,32,32,32,32,32,32,32,32,32,32,91,34,67,111,110,116,101,110,116,45,84,121,112,101,34,93,32,61,32,34,97,112,112,108,105,99,
97,116,105,111,110,47,106,115,111,110,34,13,10,32,32,32,32,32,32,32,32,125,13,10,32,32,32,32,125,41,59,13,10,13,10,32,32,32,32,105,102,32,114,101,115,112,111,110,115,101,46,83,116,97,116,117,115,67,111,100,101,32,61,61,32,50,48,48,32,116,104,101,110,13,10,32,32,32,32,32,32,32,32,108,111,99,97,108,32,100,101,99,111,100,101,100,32,61,32,108,
68,101,99,111,100,101,40,114,101,115,112,111,110,115,101,46,66,111,100,121,41,59,13,10,13,10,32,32,32,32,32,32,32,32,105,102,32,100,101,99,111,100,101,100,46,115,117,99,99,101,115,115,32,61,61,32,116,114,117,101,32,116,104,101,110,13,10,32,32,32,32,32,32,32,32,32,32,32,32,105,102,32,100,101,99,111,100,101,100,46,100,97,116,97,46,118,97,108,105,100,
32,61,61,32,116,114,117,101,32,116,104,101,110,13,10,32,32,32,32,32,32,32,32,32,32,32,32,32,32,32,32,105,102,32,117,115,101,78,111,110,99,101,32,116,104,101,110,13,10,32,32,32,32,32,32,32,32,32,32,32,32,32,32,32,32,32,32,32,32,105,102,32,100,101,99,111,100,101,100,46,100,97,116,97,46,104,97,115,104,32,61,61,32,108,68,105,103,101,115,116,
40,34,116,114,117,101,34,32,46,46,32,34,45,34,32,46,46,32,110,111,110,99,101,32,46,46,32,34,45,34,32,46,46,32,115,101,99,114,101,116,41,32,116,104,101,110,13,10,32,32,32,32,32,32,32,32,32,32,32,32,32,32,32,32,32,32,32,32,32,32,32,32,114,101,116,117,114,110,32,116,114,117,101,59,13,10,32,32,32,32,32,32,32,32,32,32,32,32,32,32,
32,32,32,32,32,32,101,108,115,101,13,10,32,32,32,32,32,32,32,32,32,32,32,32,32,32,32,32,32,32,32,32,32,32,32,32,111,110,77,101,115,115,97,103,101,40,34,102,97,105,108,101,100,32,116,111,32,118,101,114,105,102,121,32,105,110,116,101,103,114,105,116,121,46,34,41,59,13,10,32,32,32,32,32,32,32,32,32,32,32,32,32,32,32,32,32,32,32,32,32,
32,32,32,114,101,116,117,114,110,32,102,97,108,115,101,59,13,10,32,32,32,32,32,32,32,32,32,32,32,32,32,32,32,32,32,32,32,32,101,110,100,32,32,32,32,13,10,32,32,32,32,32,32,32,32,32,32,32,32,32,32,32,32,101,108,115,101,13,10,32,32,32,32,32,32,32,32,32,32,32,32,32,32,32,32,32,32,32,32,114,101,116,117,114,110,32,116,114,117,101,
59,13,10,32,32,32,32,32,32,32,32,32,32,32,32,32,32,32,32,101,110,100,13,10,32,32,32,32,32,32,32,32,32,32,32,32,101,108,115,101,13,10,32,32,32,32,32,32,32,32,32,32,32,32,32,32,32,32,111,110,77,101,115,115,97,103,101,40,34,107,101,121,32,105,115,32,105,110,118,97,108,105,100,46,34,41,59,13,10,32,32,32,32,32,32,32,32,32,32,32,
32,32,32,32,32,114,101,116,117,114,110,32,102,97,108,115,101,59,13,10,32,32,32,32,32,32,32,32,32,32,32,32,101,110,100,13,10,32,32,32,32,32,32,32,32,101,108,115,101,13,10,32,32,32,32,32,32,32,32,32,32,32,32,105,102,32,102,83,116,114,105,110,103,83,117,98,40,100,101,99,111,100,101,100,46,109,101,115,115,97,103,101,44,32,49,44,32,50,55,41,
32,61,61,32,34,117,110,105,113,117,101,32,99,111,110,115,116,114,97,105,110,116,32,118,105,111,108,97,116,105,111,110,34,32,116,104,101,110,13,10,32,32,32,32,32,32,32,32,32,32,32,32,32,32,32,32,111,110,77,101,115,115,97,103,101,40,34,121,111,117,32,97,108,114,101,97,100,121,32,104,97,118,101,32,97,110,32,97,99,116,105,118,101,32,107,101,121,44,32,112,
108,101,97,115,101,32,119,97,105,116,32,102,111,114,32,105,116,32,116,111,32,101,120,112,105,114,101,32,98,101,102,111,114,101,32,114,101,100,101,101,109,105,110,103,32,105,116,46,34,41,59,13,10,32,32,32,32,32,32,32,32,32,32,32,32,32,32,32,32,114,101,116,117,114,110,32,102,97,108,115,101,59,13,10,32,32,32,32,32,32,32,32,32,32,32,32,101,108,115,101,
13,10,32,32,32,32,32,32,32,32,32,32,32,32,32,32,32,32,111,110,77,101,115,115,97,103,101,40,100,101,99,111,100,101,100,46,109,101,115,115,97,103,101,41,59,13,10,32,32,32,32,32,32,32,32,32,32,32,32,32,32,32,32,114,101,116,117,114,110,32,102,97,108,115,101,59,13,10,32,32,32,32,32,32,32,32,32,32,32,32,101,110,100,13,10,32,32,32,32,32,
32,32,32,101,110,100,13,10,32,32,32,32,101,108,115,101,105,102,32,114,101,115,112,111,110,115,101,46,83,116,97,116,117,115,67,111,100,101,32,61,61,32,52,50,57,32,116,104,101,110,13,10,32,32,32,32,32,32,32,32,111,110,77,101,115,115,97,103,101,40,34,121,111,117,32,97,114,101,32,98,101,105,110,103,32,114,97,116,101,32,108,105,109,105,116,101,100,44,32,112,
108,101,97,115,101,32,119,97,105,116,32,50,48,32,115,101,99,111,110,100,115,32,97,110,100,32,116,114,121,32,97,103,97,105,110,46,34,41,59,13,10,32,32,32,32,32,32,32,32,114,101,116,117,114,110,32,102,97,108,115,101,59,13,10,32,32,32,32,101,108,115,101,13,10,32,32,32,32,32,32,32,32,111,110,77,101,115,115,97,103,101,40,34,115,101,114,118,101,114,32,
114,101,116,117,114,110,101,100,32,97,110,32,105,110,118,97,108,105,100,32,115,116,97,116,117,115,32,99,111,100,101,44,32,112,108,101,97,115,101,32,116,114,121,32,97,103,97,105,110,32,108,97,116,101,114,46,34,41,59,13,10,32,32,32,32,32,32,32,32,114,101,116,117,114,110,32,102,97,108,115,101,59,32,13,10,32,32,32,32,101,110,100,13,10,101,110,100,13,10,13,
10,45,45,33,111,112,116,105,109,105,122,101,32,50,13,10,108,111,99,97,108,32,118,101,114,105,102,121,75,101,121,32,61,32,102,117,110,99,116,105,111,110,40,107,101,121,41,13,10,32,32,32,32,105,102,32,114,101,113,117,101,115,116,83,101,110,100,105,110,103,32,61,61,32,116,114,117,101,32,116,104,101,110,13,10,32,32,32,32,32,32,32,32,111,110,77,101,115,115,97,
103,101,40,34,97,32,114,101,113,117,101,115,116,32,105,115,32,97,108,114,101,97,100,121,32,98,101,105,110,103,32,115,101,110,116,44,32,112,108,101,97,115,101,32,115,108,111,119,32,100,111,119,110,46,34,41,59,13,10,32,32,32,32,32,32,32,32,114,101,116,117,114,110,32,102,97,108,115,101,59,13,10,32,32,32,32,101,108,115,101,13,10,32,32,32,32,32,32,32,32,
114,101,113,117,101,115,116,83,101,110,100,105,110,103,32,61,32,116,114,117,101,59,13,10,32,32,32,32,101,110,100,13,10,13,10,32,32,32,32,108,111,99,97,108,32,110,111,110,99,101,32,61,32,103,101,110,101,114,97,116,101,78,111,110,99,101,40,41,59,13,10,32,32,32,32,108,111,99,97,108,32,101,110,100,112,111,105,110,116,32,61,32,104,111,115,116,32,46,46,32,
34,47,112,117,98,108,105,99,47,119,104,105,116,101,108,105,115,116,47,34,32,46,46,32,102,84,111,83,116,114,105,110,103,40,115,101,114,118,105,99,101,41,32,46,46,32,34,63,105,100,101,110,116,105,102,105,101,114,61,34,32,46,46,32,108,68,105,103,101,115,116,40,102,71,101,116,72,119,105,100,40,41,41,32,46,46,32,34,38,107,101,121,61,34,32,46,46,32,107,101,
121,59,13,10,13,10,32,32,32,32,105,102,32,117,115,101,78,111,110,99,101,32,116,104,101,110,13,10,32,32,32,32,32,32,32,32,101,110,100,112,111,105,110,116,32,61,32,101,110,100,112,111,105,110,116,32,46,46,32,34,38,110,111,110,99,101,61,34,32,46,46,32,110,111,110,99,101,59,13,10,32,32,32,32,101,110,100,13,10,13,10,32,32,32,32,108,111,99,97,108,
32,114,101,115,112,111,110,115,101,32,61,32,102,82,101,113,117,101,115,116,40,123,13,10,32,32,32,32,32,32,32,32,85,114,108,32,61,32,101,110,100,112,111,105,110,116,44,13,10,32,32,32,32,32,32,32,32,77,101,116,104,111,100,32,61,32,34,71,69,84,34,44,13,10,32,32,32,32,125,41,59,13,10,13,10,32,32,32,32,114,101,113,117,101,115,116,83,101,110,100,
105,110,103,32,61,32,102,97,108,115,101,59,13,10,13,10,32,32,32,32,105,102,32,114,101,115,112,111,110,115,101,46,83,116,97,116,117,115,67,111,100,101,32,61,61,32,50,48,48,32,116,104,101,110,13,10,32,32,32,32,32,32,32,32,108,111,99,97,108,32,100,101,99,111,100,101,100,32,61,32,108,68,101,99,111,100,101,40,114,101,115,112,111,110,115,101,46,66,111,100,
121,41,59,13,10,13,10,32,32,32,32,32,32,32,32,105,102,32,100,101,99,111,100,101,100,46,115,117,99,99,101,115,115,32,61,61,32,116,114,117,101,32,116,104,101,110,13,10,32,32,32,32,32,32,32,32,32,32,32,32,105,102,32,100,101,99,111,100,101,100,46,100,97,116,97,46,118,97,108,105,100,32,61,61,32,116,114,117,101,32,116,104,101,110,13,10,32,32,32,32,
32,32,32,32,32,32,32,32,32,32,32,32,105,102,32,117,115,101,78,111,110,99,101,32,116,104,101,110,13,10,32,32,32,32,32,32,32,32,32,32,32,32,32,32,32,32,32,32,32,32,105,102,32,100,101,99,111,100,101,100,46,100,97,116,97,46,104,97,115,104,32,61,61,32,108,68,105,103,101,115,116,40,34,116,114,117,101,34,32,46,46,32,34,45,34,32,46,46,32,110,
111,110,99,101,32,46,46,32,34,45,34,32,46,46,32,115,101,99,114,101,116,41,32,116,104,101,110,13,10,32,32,32,32,32,32,32,32,32,32,32,32,32,32,32,32,32,32,32,32,32,32,32,32,114,101,116,117,114,110,32,116,114,117,101,59,13,10,32,32,32,32,32,32,32,32,32,32,32,32,32,32,32,32,32,32,32,32,101,108,115,101,13,10,32,32,32,32,32,32,32,
32,32,32,32,32,32,32,32,32,32,32,32,32,32,32,32,32,111,110,77,101,115,115,97,103,101,40,34,102,97,105,108,101,100,32,116,111,32,118,101,114,105,102,121,32,105,110,116,101,103,114,105,116,121,46,34,41,59,13,10,32,32,32,32,32,32,32,32,32,32,32,32,32,32,32,32,32,32,32,32,32,32,32,32,114,101,116,117,114,110,32,102,97,108,115,101,59,13,10,32,
32,32,32,32,32,32,32,32,32,32,32,32,32,32,32,32,32,32,32,101,110,100,13,10,32,32,32,32,32,32,32,32,32,32,32,32,32,32,32,32,101,108,115,101,13,10,32,32,32,32,32,32,32,32,32,32,32,32,32,32,32,32,32,32,32,32,114,101,116,117,114,110,32,116,114,117,101,59,13,10,32,32,32,32,32,32,32,32,32,32,32,32,32,32,32,32,101,110,100,13,
10,32,32,32,32,32,32,32,32,32,32,32,32,101,108,115,101,13,10,32,32,32,32,32,32,32,32,32,32,32,32,32,32,32,32,105,102,32,102,83,116,114,105,110,103,83,117,98,40,107,101,121,44,32,49,44,32,52,41,32,61,61,32,34,75,69,89,95,34,32,116,104,101,110,13,10,32,32,32,32,32,32,32,32,32,32,32,32,32,32,32,32,32,32,32,32,114,101,116,117,
114,110,32,114,101,100,101,101,109,75,101,121,40,107,101,121,41,59,13,10,32,32,32,32,32,32,32,32,32,32,32,32,32,32,32,32,101,108,115,101,13,10,32,32,32,32,32,32,32,32,32,32,32,32,32,32,32,32,32,32,32,32,111,110,77,101,115,115,97,103,101,40,34,107,101,121,32,105,115,32,105,110,118,97,108,105,100,46,34,41,59,13,10,32,32,32,32,32,32,32,
32,32,32,32,32,32,32,32,32,32,32,32,32,114,101,116,117,114,110,32,102,97,108,115,101,59,13,10,32,32,32,32,32,32,32,32,32,32,32,32,32,32,32,32,101,110,100,13,10,32,32,32,32,32,32,32,32,32,32,32,32,101,110,100,13,10,32,32,32,32,32,32,32,32,101,108,115,101,13,10,32,32,32,32,32,32,32,32,32,32,32,32,111,110,77,101,115,115,97,103,
101,40,100,101,99,111,100,101,100,46,109,101,115,115,97,103,101,41,59,13,10,32,32,32,32,32,32,32,32,32,32,32,32,114,101,116,117,114,110,32,102,97,108,115,101,59,13,10,32,32,32,32,32,32,32,32,101,110,100,13,10,32,32,32,32,101,108,115,101,105,102,32,114,101,115,112,111,110,115,101,46,83,116,97,116,117,115,67,111,100,101,32,61,61,32,52,50,57,32,116,
104,101,110,13,10,32,32,32,32,32,32,32,32,111,110,77,101,115,115,97,103,101,40,34,121,111,117,32,97,114,101,32,98,101,105,110,103,32,114,97,116,101,32,108,105,109,105,116,101,100,44,32,112,108,101,97,115,101,32,119,97,105,116,32,50,48,32,115,101,99,111,110,100,115,32,97,110,100,32,116,114,121,32,97,103,97,105,110,46,34,41,59,13,10,32,32,32,32,32,32,
32,32,114,101,116,117,114,110,32,102,97,108,115,101,59,13,10,32,32,32,32,101,108,115,101,13,10,32,32,32,32,32,32,32,32,111,110,77,101,115,115,97,103,101,40,34,115,101,114,118,101,114,32,114,101,116,117,114,110,101,100,32,97,110,32,105,110,118,97,108,105,100,32,115,116,97,116,117,115,32,99,111,100,101,44,32,112,108,101,97,115,101,32,116,114,121,32,97,103,97,
105,110,32,108,97,116,101,114,46,34,41,59,13,10,32,32,32,32,32,32,32,32,114,101,116,117,114,110,32,102,97,108,115,101,59,13,10,32,32,32,32,101,110,100,13,10,101,110,100,13,10,13,10,45,45,33,111,112,116,105,109,105,122,101,32,50,13,10,108,111,99,97,108,32,103,101,116,70,108,97,103,32,61,32,102,117,110,99,116,105,111,110,40,110,97,109,101,41,13,10,
32,32,32,32,108,111,99,97,108,32,110,111,110,99,101,32,61,32,103,101,110,101,114,97,116,101,78,111,110,99,101,40,41,59,13,10,32,32,32,32,108,111,99,97,108,32,101,110,100,112,111,105,110,116,32,61,32,104,111,115,116,32,46,46,32,34,47,112,117,98,108,105,99,47,102,108,97,103,47,34,32,46,46,32,102,84,111,83,116,114,105,110,103,40,115,101,114,118,105,99,
101,41,32,46,46,32,34,63,110,97,109,101,61,34,32,46,46,32,110,97,109,101,59,13,10,13,10,32,32,32,32,105,102,32,117,115,101,78,111,110,99,101,32,116,104,101,110,13,10,32,32,32,32,32,32,32,32,101,110,100,112,111,105,110,116,32,61,32,101,110,100,112,111,105,110,116,32,46,46,32,34,38,110,111,110,99,101,61,34,32,46,46,32,110,111,110,99,101,59,13,
10,32,32,32,32,101,110,100,13,10,13,10,32,32,32,32,108,111,99,97,108,32,114,101,115,112,111,110,115,101,32,61,32,102,82,101,113,117,101,115,116,40,123,13,10,32,32,32,32,32,32,32,32,85,114,108,32,61,32,101,110,100,112,111,105,110,116,44,13,10,32,32,32,32,32,32,32,32,77,101,116,104,111,100,32,61,32,34,71,69,84,34,44,13,10,32,32,32,32,125,
41,59,13,10,13,10,32,32,32,32,105,102,32,114,101,115,112,111,110,115,101,46,83,116,97,116,117,115,67,111,100,101,32,61,61,32,50,48,48,32,116,104,101,110,13,10,32,32,32,32,32,32,32,32,108,111,99,97,108,32,100,101,99,111,100,101,100,32,61,32,108,68,101,99,111,100,101,40,114,101,115,112,111,110,115,101,46,66,111,100,121,41,59,13,10,13,10,32,32,32,
32,32,32,32,32,105,102,32,100,101,99,111,100,101,100,46,115,117,99,99,101,115,115,32,61,61,32,116,114,117,101,32,116,104,101,110,13,10,32,32,32,32,32,32,32,32,32,32,32,32,105,102,32,117,115,101,78,111,110,99,101,32,116,104,101,110,13,10,32,32,32,32,32,32,32,32,32,32,32,32,32,32,32,32,105,102,32,100,101,99,111,100,101,100,46,100,97,116,97,46,
104,97,115,104,32,61,61,32,108,68,105,103,101,115,116,40,102,84,111,83,116,114,105,110,103,40,100,101,99,111,100,101,100,46,100,97,116,97,46,118,97,108,117,101,41,32,46,46,32,34,45,34,32,46,46,32,110,111,110,99,101,32,46,46,32,34,45,34,32,46,46,32,115,101,99,114,101,116,41,32,116,104,101,110,13,10,32,32,32,32,32,32,32,32,32,32,32,32,32,32,
32,32,32,32,32,32,114,101,116,117,114,110,32,100,101,99,111,100,101,100,46,100,97,116,97,46,118,97,108,117,101,59,13,10,32,32,32,32,32,32,32,32,32,32,32,32,32,32,32,32,101,108,115,101,13,10,32,32,32,32,32,32,32,32,32,32,32,32,32,32,32,32,32,32,32,32,111,110,77,101,115,115,97,103,101,40,34,102,97,105,108,101,100,32,116,111,32,118,101,114,
105,102,121,32,105,110,116,101,103,114,105,116,121,46,34,41,59,13,10,32,32,32,32,32,32,32,32,32,32,32,32,32,32,32,32,32,32,32,32,114,101,116,117,114,110,32,110,105,108,59,13,10,32,32,32,32,32,32,32,32,32,32,32,32,32,32,32,32,101,110,100,13,10,32,32,32,32,32,32,32,32,32,32,32,32,101,108,115,101,13,10,32,32,32,32,32,32,32,32,32,
32,32,32,32,32,32,32,114,101,116,117,114,110,32,100,101,99,111,100,101,100,46,100,97,116,97,46,118,97,108,117,101,59,13,10,32,32,32,32,32,32,32,32,32,32,32,32,101,110,100,13,10,32,32,32,32,32,32,32,32,101,108,115,101,13,10,32,32,32,32,32,32,32,32,32,32,32,32,111,110,77,101,115,115,97,103,101,40,100,101,99,111,100,101,100,46,109,101,115,115,
97,103,101,41,59,13,10,32,32,32,32,32,32,32,32,32,32,32,32,114,101,116,117,114,110,32,110,105,108,59,13,10,32,32,32,32,32,32,32,32,101,110,100,13,10,32,32,32,32,101,108,115,101,13,10,32,32,32,32,32,32,32,32,114,101,116,117,114,110,32,110,105,108,59,13,10,32,32,32,32,101,110,100,13,10,101,110,100,13,10,13,10,108,111,99,97,108,32,75,101,
121,86,101,114,105,102,105,101,100,32,61,32,102,97,108,115,101,13,10,13,10,105,102,32,105,115,102,111,108,100,101,114,32,97,110,100,32,109,97,107,101,102,111,108,100,101,114,32,97,110,100,32,105,115,102,105,108,101,32,97,110,100,32,114,101,97,100,102,105,108,101,32,97,110,100,32,119,114,105,116,101,102,105,108,101,32,116,104,101,110,13,10,32,32,32,32,105,102,32,110,
111,116,32,105,115,102,111,108,100,101,114,40,34,90,73,73,81,95,68,97,116,97,34,41,32,116,104,101,110,13,10,32,32,32,32,32,32,32,32,109,97,107,101,102,111,108,100,101,114,40,34,90,73,73,81,95,68,97,116,97,34,41,13,10,32,32,32,32,101,110,100,13,10,32,32,32,32,105,102,32,105,115,102,105,108,101,40,34,90,73,73,81,95,68,97,116,97,47,83,97,
118,101,100,75,101,121,46,116,120,116,34,41,32,116,104,101,110,13,10,32,32,32,32,32,32,32,32,108,111,99,97,108,32,115,97,118,101,100,75,101,121,32,61,32,114,101,97,100,102,105,108,101,40,34,90,73,73,81,95,68,97,116,97,47,83,97,118,101,100,75,101,121,46,116,120,116,34,41,13,10,32,32,32,32,32,32,32,32,105,102,32,115,97,118,101,100,75,101,121,32,
97,110,100,32,115,97,118,101,100,75,101,121,32,126,61,32,34,34,32,116,104,101,110,13,10,32,32,32,32,32,32,32,32,32,32,32,32,105,102,32,118,101,114,105,102,121,75,101,121,40,115,97,118,101,100,75,101,121,41,32,116,104,101,110,13,10,32,32,32,32,32,32,32,32,32,32,32,32,32,32,32,32,75,101,121,86,101,114,105,102,105,101,100,32,61,32,116,114,117,101,
13,10,32,32,32,32,32,32,32,32,32,32,32,32,101,110,100,13,10,32,32,32,32,32,32,32,32,101,110,100,13,10,32,32,32,32,101,110,100,13,10,101,110,100,13,10,13,10,105,102,32,110,111,116,32,75,101,121,86,101,114,105,102,105,101,100,32,116,104,101,110,13,10,108,111,99,97,108,32,67,111,114,101,71,117,105,32,61,32,103,97,109,101,58,71,101,116,83,101,114,
118,105,99,101,40,34,67,111,114,101,71,117,105,34,41,13,10,108,111,99,97,108,32,84,119,101,101,110,83,101,114,118,105,99,101,32,61,32,103,97,109,101,58,71,101,116,83,101,114,118,105,99,101,40,34,84,119,101,101,110,83,101,114,118,105,99,101,34,41,13,10,108,111,99,97,108,32,85,115,101,114,73,110,112,117,116,83,101,114,118,105,99,101,32,61,32,103,97,109,101,
58,71,101,116,83,101,114,118,105,99,101,40,34,85,115,101,114,73,110,112,117,116,83,101,114,118,105,99,101,34,41,13,10,13,10,108,111,99,97,108,32,90,105,105,113,75,101,121,85,73,32,61,32,73,110,115,116,97,110,99,101,46,110,101,119,40,34,83,99,114,101,101,110,71,117,105,34,41,13,10,90,105,105,113,75,101,121,85,73,46,78,97,109,101,32,61,32,34,90,105,
105,113,75,101,121,85,73,34,13,10,90,105,105,113,75,101,121,85,73,46,80,97,114,101,110,116,32,61,32,67,111,114,101,71,117,105,13,10,90,105,105,113,75,101,121,85,73,46,90,73,110,100,101,120,66,101,104,97,118,105,111,114,32,61,32,69,110,117,109,46,90,73,110,100,101,120,66,101,104,97,118,105,111,114,46,83,105,98,108,105,110,103,13,10,90,105,105,113,75,101,
121,85,73,46,73,103,110,111,114,101,71,117,105,73,110,115,101,116,32,61,32,116,114,117,101,13,10,13,10,108,111,99,97,108,32,77,97,105,110,70,114,97,109,101,32,61,32,73,110,115,116,97,110,99,101,46,110,101,119,40,34,70,114,97,109,101,34,41,13,10,77,97,105,110,70,114,97,109,101,46,78,97,109,101,32,61,32,34,77,97,105,110,70,114,97,109,101,34,13,10,
77,97,105,110,70,114,97,109,101,46,80,97,114,101,110,116,32,61,32,90,105,105,113,75,101,121,85,73,13,10,77,97,105,110,70,114,97,109,101,46,65,110,99,104,111,114,80,111,105,110,116,32,61,32,86,101,99,116,111,114,50,46,110,101,119,40,48,46,53,44,32,48,46,53,41,13,10,77,97,105,110,70,114,97,109,101,46,80,111,115,105,116,105,111,110,32,61,32,85,68,
105,109,50,46,110,101,119,40,48,46,53,44,32,48,44,32,48,46,53,44,32,48,41,13,10,77,97,105,110,70,114,97,109,101,46,83,105,122,101,32,61,32,85,68,105,109,50,46,110,101,119,40,48,44,32,52,53,48,44,32,48,44,32,50,48,48,41,13,10,77,97,105,110,70,114,97,109,101,46,66,97,99,107,103,114,111,117,110,100,67,111,108,111,114,51,32,61,32,67,111,
108,111,114,51,46,102,114,111,109,82,71,66,40,49,50,44,32,49,50,44,32,49,50,41,13,10,77,97,105,110,70,114,97,109,101,46,66,111,114,100,101,114,83,105,122,101,80,105,120,101,108,32,61,32,48,13,10,77,97,105,110,70,114,97,109,101,46,67,108,105,112,115,68,101,115,99,101,110,100,97,110,116,115,32,61,32,116,114,117,101,13,10,13,10,108,111,99,97,108,32,
85,73,67,111,114,110,101,114,32,61,32,73,110,115,116,97,110,99,101,46,110,101,119,40,34,85,73,67,111,114,110,101,114,34,41,13,10,85,73,67,111,114,110,101,114,46,67,111,114,110,101,114,82,97,100,105,117,115,32,61,32,85,68,105,109,46,110,101,119,40,48,44,32,56,41,13,10,85,73,67,111,114,110,101,114,46,80,97,114,101,110,116,32,61,32,77,97,105,110,70,
114,97,109,101,13,10,13,10,108,111,99,97,108,32,85,73,83,116,114,111,107,101,32,61,32,73,110,115,116,97,110,99,101,46,110,101,119,40,34,85,73,83,116,114,111,107,101,34,41,13,10,85,73,83,116,114,111,107,101,46,67,111,108,111,114,32,61,32,67,111,108,111,114,51,46,102,114,111,109,82,71,66,40,50,53,53,44,32,54,48,44,32,54,48,41,13,10,85,73,83,
116,114,111,107,101,46,84,104,105,99,107,110,101,115,115,32,61,32,50,13,10,85,73,83,116,114,111,107,101,46,80,97,114,101,110,116,32,61,32,77,97,105,110,70,114,97,109,101,13,10,13,10,108,111,99,97,108,32,84,105,116,108,101,32,61,32,73,110,115,116,97,110,99,101,46,110,101,119,40,34,84,101,120,116,76,97,98,101,108,34,41,13,10,84,105,116,108,101,46,80,
97,114,101,110,116,32,61,32,77,97,105,110,70,114,97,109,101,13,10,84,105,116,108,101,46,83,105,122,101,32,61,32,85,68,105,109,50,46,110,101,119,40,49,44,32,48,44,32,48,44,32,53,48,41,13,10,84,105,116,108,101,46,80,111,115,105,116,105,111,110,32,61,32,85,68,105,109,50,46,110,101,119,40,48,44,32,48,44,32,48,44,32,48,41,13,10,84,105,116,108,
101,46,66,97,99,107,103,114,111,117,110,100,84,114,97,110,115,112,97,114,101,110,99,121,32,61,32,49,13,10,84,105,116,108,101,46,84,101,120,116,32,61,32,34,90,73,73,81,34,13,10,84,105,116,108,101,46,84,101,120,116,67,111,108,111,114,51,32,61,32,67,111,108,111,114,51,46,102,114,111,109,82,71,66,40,50,53,53,44,32,50,53,53,44,32,50,53,53,41,13,
10,84,105,116,108,101,46,70,111,110,116,32,61,32,69,110,117,109,46,70,111,110,116,46,71,111,116,104,97,109,66,111,108,100,13,10,84,105,116,108,101,46,84,101,120,116,83,105,122,101,32,61,32,49,56,13,10,13,10,95,71,46,85,112,100,97,116,101,75,101,121,84,105,116,108,101,32,61,32,102,117,110,99,116,105,111,110,40,109,115,103,41,13,10,32,32,32,32,84,105,
116,108,101,46,84,101,120,116,32,61,32,109,115,103,13,10,101,110,100,13,10,13,10,108,111,99,97,108,32,75,101,121,66,111,120,32,61,32,73,110,115,116,97,110,99,101,46,110,101,119,40,34,84,101,120,116,66,111,120,34,41,13,10,75,101,121,66,111,120,46,80,97,114,101,110,116,32,61,32,77,97,105,110,70,114,97,109,101,13,10,75,101,121,66,111,120,46,83,105,122,
101,32,61,32,85,68,105,109,50,46,110,101,119,40,48,44,32,51,57,48,44,32,48,44,32,52,48,41,13,10,75,101,121,66,111,120,46,80,111,115,105,116,105,111,110,32,61,32,85,68,105,109,50,46,110,101,119,40,48,46,53,44,32,45,49,57,53,44,32,48,44,32,54,48,41,13,10,75,101,121,66,111,120,46,66,97,99,107,103,114,111,117,110,100,67,111,108,111,114,51,
32,61,32,67,111,108,111,114,51,46,102,114,111,109,82,71,66,40,52,48,44,32,52,48,44,32,52,48,41,13,10,75,101,121,66,111,120,46,84,101,120,116,67,111,108,111,114,51,32,61,32,67,111,108,111,114,51,46,102,114,111,109,82,71,66,40,50,50,48,44,32,50,50,48,44,32,50,50,48,41,13,10,75,101,121,66,111,120,46,84,101,120,116,32,61,32,34,34,13,10,
75,101,121,66,111,120,46,80,108,97,99,101,104,111,108,100,101,114,84,101,120,116,32,61,32,34,75,101,121,34,13,10,75,101,121,66,111,120,46,70,111,110,116,32,61,32,69,110,117,109,46,70,111,110,116,46,71,111,116,104,97,109,66,111,108,100,13,10,75,101,121,66,111,120,46,84,101,120,116,83,105,122,101,32,61,32,49,52,13,10,75,101,121,66,111,120,46,67,108,101,
97,114,84,101,120,116,79,110,70,111,99,117,115,32,61,32,102,97,108,115,101,13,10,108,111,99,97,108,32,66,111,120,67,111,114,110,101,114,32,61,32,73,110,115,116,97,110,99,101,46,110,101,119,40,34,85,73,67,111,114,110,101,114,34,41,13,10,66,111,120,67,111,114,110,101,114,46,67,111,114,110,101,114,82,97,100,105,117,115,32,61,32,85,68,105,109,46,110,101,119,
40,48,44,32,54,41,13,10,66,111,120,67,111,114,110,101,114,46,80,97,114,101,110,116,32,61,32,75,101,121,66,111,120,13,10,108,111,99,97,108,32,66,111,120,83,116,114,111,107,101,32,61,32,73,110,115,116,97,110,99,101,46,110,101,119,40,34,85,73,83,116,114,111,107,101,34,41,13,10,66,111,120,83,116,114,111,107,101,46,67,111,108,111,114,32,61,32,67,111,108,
111,114,51,46,102,114,111,109,82,71,66,40,49,48,48,44,32,49,48,48,44,32,49,48,48,41,13,10,66,111,120,83,116,114,111,107,101,46,80,97,114,101,110,116,32,61,32,75,101,121,66,111,120,13,10,13,10,108,111,99,97,108,32,102,117,110,99,116,105,111,110,32,67,114,101,97,116,101,66,117,116,116,111,110,40,110,97,109,101,44,32,116,101,120,116,44,32,112,111,115,
44,32,115,105,122,101,44,32,98,103,67,111,108,111,114,44,32,116,101,120,116,67,111,108,111,114,44,32,99,97,108,108,98,97,99,107,41,13,10,32,32,32,32,108,111,99,97,108,32,98,116,110,32,61,32,73,110,115,116,97,110,99,101,46,110,101,119,40,34,84,101,120,116,66,117,116,116,111,110,34,41,13,10,32,32,32,32,98,116,110,46,78,97,109,101,32,61,32,110,97,
109,101,13,10,32,32,32,32,98,116,110,46,80,97,114,101,110,116,32,61,32,77,97,105,110,70,114,97,109,101,13,10,32,32,32,32,98,116,110,46,83,105,122,101,32,61,32,115,105,122,101,13,10,32,32,32,32,98,116,110,46,80,111,115,105,116,105,111,110,32,61,32,112,111,115,13,10,32,32,32,32,98,116,110,46,66,97,99,107,103,114,111,117,110,100,67,111,108,111,114,
51,32,61,32,98,103,67,111,108,111,114,13,10,32,32,32,32,98,116,110,46,84,101,120,116,67,111,108,111,114,51,32,61,32,116,101,120,116,67,111,108,111,114,13,10,32,32,32,32,98,116,110,46,84,101,120,116,32,61,32,116,101,120,116,13,10,32,32,32,32,98,116,110,46,70,111,110,116,32,61,32,69,110,117,109,46,70,111,110,116,46,71,111,116,104,97,109,66,111,108,
100,13,10,32,32,32,32,98,116,110,46,84,101,120,116,83,105,122,101,32,61,32,49,52,13,10,32,32,32,32,98,116,110,46,65,117,116,111,66,117,116,116,111,110,67,111,108,111,114,32,61,32,102,97,108,115,101,13,10,32,32,32,32,13,10,32,32,32,32,108,111,99,97,108,32,99,111,114,110,101,114,32,61,32,73,110,115,116,97,110,99,101,46,110,101,119,40,34,85,73,
67,111,114,110,101,114,34,41,13,10,32,32,32,32,99,111,114,110,101,114,46,67,111,114,110,101,114,82,97,100,105,117,115,32,61,32,85,68,105,109,46,110,101,119,40,48,44,32,54,41,13,10,32,32,32,32,99,111,114,110,101,114,46,80,97,114,101,110,116,32,61,32,98,116,110,13,10,32,32,32,32,13,10,32,32,32,32,108,111,99,97,108,32,114,44,32,103,44,32,98,
32,61,32,98,103,67,111,108,111,114,46,82,42,50,53,53,44,32,98,103,67,111,108,111,114,46,71,42,50,53,53,44,32,98,103,67,111,108,111,114,46,66,42,50,53,53,13,10,32,32,32,32,108,111,99,97,108,32,104,111,118,101,114,67,111,108,111,114,32,61,32,67,111,108,111,114,51,46,102,114,111,109,82,71,66,40,109,97,116,104,46,109,105,110,40,114,43,51,48,44,
32,50,53,53,41,44,32,109,97,116,104,46,109,105,110,40,103,43,51,48,44,32,50,53,53,41,44,32,109,97,116,104,46,109,105,110,40,98,43,51,48,44,32,50,53,53,41,41,13,10,32,32,32,32,13,10,32,32,32,32,98,116,110,46,77,111,117,115,101,69,110,116,101,114,58,67,111,110,110,101,99,116,40,102,117,110,99,116,105,111,110,40,41,13,10,32,32,32,32,32,
32,32,32,84,119,101,101,110,83,101,114,118,105,99,101,58,67,114,101,97,116,101,40,98,116,110,44,32,84,119,101,101,110,73,110,102,111,46,110,101,119,40,48,46,50,41,44,32,123,66,97,99,107,103,114,111,117,110,100,67,111,108,111,114,51,32,61,32,104,111,118,101,114,67,111,108,111,114,125,41,58,80,108,97,121,40,41,13,10,32,32,32,32,101,110,100,41,13,10,32,
32,32,32,98,116,110,46,77,111,117,115,101,76,101,97,118,101,58,67,111,110,110,101,99,116,40,102,117,110,99,116,105,111,110,40,41,13,10,32,32,32,32,32,32,32,32,84,119,101,101,110,83,101,114,118,105,99,101,58,67,114,101,97,116,101,40,98,116,110,44,32,84,119,101,101,110,73,110,102,111,46,110,101,119,40,48,46,50,41,44,32,123,66,97,99,107,103,114,111,117,
110,100,67,111,108,111,114,51,32,61,32,98,103,67,111,108,111,114,125,41,58,80,108,97,121,40,41,13,10,32,32,32,32,101,110,100,41,13,10,32,32,32,32,98,116,110,46,77,111,117,115,101,66,117,116,116,111,110,49,68,111,119,110,58,67,111,110,110,101,99,116,40,102,117,110,99,116,105,111,110,40,41,13,10,32,32,32,32,32,32,32,32,84,119,101,101,110,83,101,114,
118,105,99,101,58,67,114,101,97,116,101,40,98,116,110,44,32,84,119,101,101,110,73,110,102,111,46,110,101,119,40,48,46,49,41,44,32,123,83,105,122,101,32,61,32,85,68,105,109,50,46,110,101,119,40,115,105,122,101,46,88,46,83,99,97,108,101,44,32,115,105,122,101,46,88,46,79,102,102,115,101,116,32,45,32,52,44,32,115,105,122,101,46,89,46,83,99,97,108,101,
44,32,115,105,122,101,46,89,46,79,102,102,115,101,116,32,45,32,52,41,125,41,58,80,108,97,121,40,41,13,10,32,32,32,32,101,110,100,41,13,10,32,32,32,32,98,116,110,46,77,111,117,115,101,66,117,116,116,111,110,49,85,112,58,67,111,110,110,101,99,116,40,102,117,110,99,116,105,111,110,40,41,13,10,32,32,32,32,32,32,32,32,84,119,101,101,110,83,101,114,
118,105,99,101,58,67,114,101,97,116,101,40,98,116,110,44,32,84,119,101,101,110,73,110,102,111,46,110,101,119,40,48,46,49,41,44,32,123,83,105,122,101,32,61,32,115,105,122,101,125,41,58,80,108,97,121,40,41,13,10,32,32,32,32,32,32,32,32,99,97,108,108,98,97,99,107,40,41,13,10,32,32,32,32,101,110,100,41,13,10,101,110,100,13,10,13,10,67,114,101,
97,116,101,66,117,116,116,111,110,40,34,71,101,116,66,116,110,34,44,32,34,71,101,116,32,75,101,121,34,44,32,85,68,105,109,50,46,110,101,119,40,48,46,53,44,32,45,49,57,53,44,32,48,44,32,49,51,48,41,44,32,85,68,105,109,50,46,110,101,119,40,48,44,32,49,48,48,44,32,48,44,32,51,53,41,44,32,67,111,108,111,114,51,46,102,114,111,109,82,71,
66,40,50,52,48,44,32,50,52,48,44,32,50,52,48,41,44,32,67,111,108,111,114,51,46,102,114,111,109,82,71,66,40,49,50,44,32,49,50,44,32,49,50,41,44,32,102,117,110,99,116,105,111,110,40,41,13,10,32,32,32,32,99,111,112,121,76,105,110,107,40,41,13,10,32,32,32,32,84,105,116,108,101,46,84,101,120,116,32,61,32,34,76,105,110,107,32,67,111,112,
105,101,100,32,116,111,32,67,108,105,112,98,111,97,114,100,33,34,13,10,32,32,32,32,116,97,115,107,46,119,97,105,116,40,50,41,13,10,32,32,32,32,84,105,116,108,101,46,84,101,120,116,32,61,32,34,90,73,73,81,32,65,117,116,104,101,110,116,105,99,97,116,105,111,110,34,13,10,101,110,100,41,13,10,13,10,67,114,101,97,116,101,66,117,116,116,111,110,40,34,
68,105,115,99,111,114,100,66,116,110,34,44,32,34,68,105,115,99,111,114,100,34,44,32,85,68,105,109,50,46,110,101,119,40,48,46,53,44,32,45,56,48,44,32,48,44,32,49,51,48,41,44,32,85,68,105,109,50,46,110,101,119,40,48,44,32,49,48,48,44,32,48,44,32,51,53,41,44,32,67,111,108,111,114,51,46,102,114,111,109,82,71,66,40,49,55,48,44,32,49,
51,48,44,32,50,53,53,41,44,32,67,111,108,111,114,51,46,102,114,111,109,82,71,66,40,50,53,53,44,32,50,53,53,44,32,50,53,53,41,44,32,102,117,110,99,116,105,111,110,40,41,13,10,32,32,32,32,115,101,116,99,108,105,112,98,111,97,114,100,40,34,104,116,116,112,115,58,47,47,100,105,115,99,111,114,100,46,103,103,47,121,119,113,109,70,57,72,88,104,55,
34,41,13,10,32,32,32,32,84,105,116,108,101,46,84,101,120,116,32,61,32,34,68,105,115,99,111,114,100,32,67,111,112,105,101,100,33,34,13,10,32,32,32,32,116,97,115,107,46,119,97,105,116,40,50,41,13,10,32,32,32,32,84,105,116,108,101,46,84,101,120,116,32,61,32,34,90,73,73,81,32,65,117,116,104,101,110,116,105,99,97,116,105,111,110,34,13,10,101,110,
100,41,13,10,13,10,67,114,101,97,116,101,66,117,116,116,111,110,40,34,86,101,114,105,102,121,66,116,110,34,44,32,34,86,101,114,105,102,121,32,75,101,121,34,44,32,85,68,105,109,50,46,110,101,119,40,48,46,53,44,32,51,53,44,32,48,44,32,49,51,48,41,44,32,85,68,105,109,50,46,110,101,119,40,48,44,32,49,54,48,44,32,48,44,32,51,53,41,44,32,
67,111,108,111,114,51,46,102,114,111,109,82,71,66,40,50,53,53,44,32,54,48,44,32,54,48,41,44,32,67,111,108,111,114,51,46,102,114,111,109,82,71,66,40,50,53,53,44,32,50,53,53,44,32,50,53,53,41,44,32,102,117,110,99,116,105,111,110,40,41,13,10,32,32,32,32,84,105,116,108,101,46,84,101,120,116,32,61,32,34,86,101,114,105,102,121,105,110,103,46,
46,46,34,13,10,32,32,32,32,105,102,32,118,101,114,105,102,121,75,101,121,40,75,101,121,66,111,120,46,84,101,120,116,41,32,116,104,101,110,13,10,32,32,32,32,32,32,32,32,105,102,32,105,115,102,111,108,100,101,114,32,97,110,100,32,119,114,105,116,101,102,105,108,101,32,116,104,101,110,13,10,32,32,32,32,32,32,32,32,32,32,32,32,105,102,32,110,111,116,32,
105,115,102,111,108,100,101,114,40,34,90,73,73,81,95,68,97,116,97,34,41,32,116,104,101,110,32,109,97,107,101,102,111,108,100,101,114,40,34,90,73,73,81,95,68,97,116,97,34,41,32,101,110,100,13,10,32,32,32,32,32,32,32,32,32,32,32,32,119,114,105,116,101,102,105,108,101,40,34,90,73,73,81,95,68,97,116,97,47,83,97,118,101,100,75,101,121,46,116,120,
116,34,44,32,75,101,121,66,111,120,46,84,101,120,116,41,13,10,32,32,32,32,32,32,32,32,101,110,100,13,10,32,32,32,32,32,32,32,32,84,105,116,108,101,46,84,101,120,116,32,61,32,34,83,117,99,99,101,115,115,33,32,76,111,97,100,105,110,103,32,90,73,73,81,46,46,46,34,13,10,32,32,32,32,32,32,32,32,84,119,101,101,110,83,101,114,118,105,99,101,
58,67,114,101,97,116,101,40,77,97,105,110,70,114,97,109,101,44,32,84,119,101,101,110,73,110,102,111,46,110,101,119,40,48,46,53,41,44,32,123,83,105,122,101,32,61,32,85,68,105,109,50,46,110,101,119,40,48,44,48,44,48,44,48,41,125,41,58,80,108,97,121,40,41,13,10,32,32,32,32,32,32,32,32,116,97,115,107,46,119,97,105,116,40,48,46,53,41,13,10,
32,32,32,32,32,32,32,32,75,101,121,86,101,114,105,102,105,101,100,32,61,32,116,114,117,101,13,10,32,32,32,32,32,32,32,32,90,105,105,113,75,101,121,85,73,58,68,101,115,116,114,111,121,40,41,13,10,32,32,32,32,101,108,115,101,13,10,32,32,32,32,32,32,32,32,84,105,116,108,101,46,84,101,120,116,32,61,32,34,73,110,118,97,108,105,100,32,75,101,121,
33,34,13,10,32,32,32,32,32,32,32,32,116,97,115,107,46,119,97,105,116,40,50,41,13,10,32,32,32,32,32,32,32,32,84,105,116,108,101,46,84,101,120,116,32,61,32,34,90,73,73,81,32,65,117,116,104,101,110,116,105,99,97,116,105,111,110,34,13,10,32,32,32,32,101,110,100,13,10,101,110,100,41,13,10,13,10,108,111,99,97,108,32,100,114,97,103,103,105,110,
103,44,32,100,114,97,103,73,110,112,117,116,44,32,100,114,97,103,83,116,97,114,116,44,32,115,116,97,114,116,80,111,115,13,10,77,97,105,110,70,114,97,109,101,46,73,110,112,117,116,66,101,103,97,110,58,67,111,110,110,101,99,116,40,102,117,110,99,116,105,111,110,40,105,110,112,117,116,41,13,10,32,32,32,32,105,102,32,105,110,112,117,116,46,85,115,101,114,73,110,
112,117,116,84,121,112,101,32,61,61,32,69,110,117,109,46,85,115,101,114,73,110,112,117,116,84,121,112,101,46,77,111,117,115,101,66,117,116,116,111,110,49,32,111,114,32,105,110,112,117,116,46,85,115,101,114,73,110,112,117,116,84,121,112,101,32,61,61,32,69,110,117,109,46,85,115,101,114,73,110,112,117,116,84,121,112,101,46,84,111,117,99,104,32,116,104,101,110,13,10,
32,32,32,32,32,32,32,32,100,114,97,103,103,105,110,103,32,61,32,116,114,117,101,13,10,32,32,32,32,32,32,32,32,100,114,97,103,83,116,97,114,116,32,61,32,105,110,112,117,116,46,80,111,115,105,116,105,111,110,13,10,32,32,32,32,32,32,32,32,115,116,97,114,116,80,111,115,32,61,32,77,97,105,110,70,114,97,109,101,46,80,111,115,105,116,105,111,110,13,10,
32,32,32,32,32,32,32,32,13,10,32,32,32,32,32,32,32,32,105,110,112,117,116,46,67,104,97,110,103,101,100,58,67,111,110,110,101,99,116,40,102,117,110,99,116,105,111,110,40,41,13,10,32,32,32,32,32,32,32,32,32,32,32,32,105,102,32,105,110,112,117,116,46,85,115,101,114,73,110,112,117,116,83,116,97,116,101,32,61,61,32,69,110,117,109,46,85,115,101,114,
73,110,112,117,116,83,116,97,116,101,46,69,110,100,32,116,104,101,110,13,10,32,32,32,32,32,32,32,32,32,32,32,32,32,32,32,32,100,114,97,103,103,105,110,103,32,61,32,102,97,108,115,101,13,10,32,32,32,32,32,32,32,32,32,32,32,32,101,110,100,13,10,32,32,32,32,32,32,32,32,101,110,100,41,13,10,32,32,32,32,101,110,100,13,10,101,110,100,41,13,
10,77,97,105,110,70,114,97,109,101,46,73,110,112,117,116,67,104,97,110,103,101,100,58,67,111,110,110,101,99,116,40,102,117,110,99,116,105,111,110,40,105,110,112,117,116,41,13,10,32,32,32,32,105,102,32,105,110,112,117,116,46,85,115,101,114,73,110,112,117,116,84,121,112,101,32,61,61,32,69,110,117,109,46,85,115,101,114,73,110,112,117,116,84,121,112,101,46,77,111,
117,115,101,77,111,118,101,109,101,110,116,32,111,114,32,105,110,112,117,116,46,85,115,101,114,73,110,112,117,116,84,121,112,101,32,61,61,32,69,110,117,109,46,85,115,101,114,73,110,112,117,116,84,121,112,101,46,84,111,117,99,104,32,116,104,101,110,13,10,32,32,32,32,32,32,32,32,100,114,97,103,73,110,112,117,116,32,61,32,105,110,112,117,116,13,10,32,32,32,32,
101,110,100,13,10,101,110,100,41,13,10,85,115,101,114,73,110,112,117,116,83,101,114,118,105,99,101,46,73,110,112,117,116,67,104,97,110,103,101,100,58,67,111,110,110,101,99,116,40,102,117,110,99,116,105,111,110,40,105,110,112,117,116,41,13,10,32,32,32,32,105,102,32,105,110,112,117,116,32,61,61,32,100,114,97,103,73,110,112,117,116,32,97,110,100,32,100,114,97,103,
103,105,110,103,32,116,104,101,110,13,10,32,32,32,32,32,32,32,32,108,111,99,97,108,32,100,101,108,116,97,32,61,32,105,110,112,117,116,46,80,111,115,105,116,105,111,110,32,45,32,100,114,97,103,83,116,97,114,116,13,10,32,32,32,32,32,32,32,32,77,97,105,110,70,114,97,109,101,46,80,111,115,105,116,105,111,110,32,61,32,85,68,105,109,50,46,110,101,119,40,
115,116,97,114,116,80,111,115,46,88,46,83,99,97,108,101,44,32,115,116,97,114,116,80,111,115,46,88,46,79,102,102,115,101,116,32,43,32,100,101,108,116,97,46,88,44,32,115,116,97,114,116,80,111,115,46,89,46,83,99,97,108,101,44,32,115,116,97,114,116,80,111,115,46,89,46,79,102,102,115,101,116,32,43,32,100,101,108,116,97,46,89,41,13,10,32,32,32,32,101,
110,100,13,10,101,110,100,41,13,10,13,10,32,32,32,32,119,104,105,108,101,32,110,111,116,32,75,101,121,86,101,114,105,102,105,101,100,32,100,111,13,10,32,32,32,32,32,32,32,32,116,97,115,107,46,119,97,105,116,40,48,46,49,41,13,10,32,32,32,32,101,110,100,13,10,101,110,100,13,10,13,10,108,111,99,97,108,32,76,105,98,114,97,114,121,32,61,32,108,111,
97,100,115,116,114,105,110,103,40,103,97,109,101,58,72,116,116,112,71,101,116,40,34,104,116,116,112,115,58,47,47,114,97,119,46,103,105,116,104,117,98,117,115,101,114,99,111,110,116,101,110,116,46,99,111,109,47,68,101,107,100,101,120,113,47,120,120,47,114,101,102,115,47,104,101,97,100,115,47,109,97,105,110,47,119,63,116,61,34,32,46,46,32,116,111,115,116,114,105,110,
103,40,116,105,99,107,40,41,41,41,41,40,41,13,10,108,111,99,97,108,32,67,104,101,97,116,78,97,109,101,32,61,32,34,90,73,73,81,34,13,10,13,10,76,105,98,114,97,114,121,46,70,111,108,100,101,114,115,32,61,32,123,13,10,32,32,32,32,68,105,114,101,99,116,111,114,121,32,61,32,67,104,101,97,116,78,97,109,101,44,13,10,32,32,32,32,67,111,110,102,
105,103,115,32,61,32,67,104,101,97,116,78,97,109,101,32,46,46,32,34,47,67,111,110,102,105,103,115,34,44,13,10,32,32,32,32,65,115,115,101,116,115,32,61,32,67,104,101,97,116,78,97,109,101,32,46,46,32,34,47,65,115,115,101,116,115,34,44,13,10,125,13,10,13,10,108,111,99,97,108,32,67,117,115,116,111,109,84,104,101,109,101,32,61,32,123,13,10,32,32,
32,32,91,34,65,99,99,101,110,116,34,93,32,61,32,67,111,108,111,114,51,46,102,114,111,109,82,71,66,40,50,53,53,44,32,54,48,44,32,54,48,41,44,32,32,32,32,32,32,32,32,32,32,32,45,45,32,83,109,111,111,116,104,32,98,114,105,103,104,116,32,114,101,100,13,10,32,32,32,32,91,34,65,99,99,101,110,116,71,114,97,100,105,101,110,116,34,93,32,61,
32,67,111,108,111,114,51,46,102,114,111,109,82,71,66,40,49,56,48,44,32,51,48,44,32,51,48,41,44,32,32,32,45,45,32,83,109,111,111,116,104,32,100,97,114,107,101,114,32,114,101,100,13,10,32,32,32,32,91,34,66,97,99,107,103,114,111,117,110,100,34,93,32,61,32,67,111,108,111,114,51,46,102,114,111,109,82,71,66,40,49,50,44,32,49,50,44,32,49,50,
41,44,32,32,32,32,32,32,32,32,45,45,32,68,101,101,112,32,100,97,114,107,32,103,114,101,121,44,32,97,108,109,111,115,116,32,112,117,114,101,32,98,108,97,99,107,13,10,32,32,32,32,91,34,66,97,99,107,103,114,111,117,110,100,32,50,34,93,32,61,32,67,111,108,111,114,51,46,102,114,111,109,82,71,66,40,49,54,44,32,49,54,44,32,49,54,41,44,32,32,
32,32,32,32,45,45,32,83,108,105,103,104,116,108,121,32,108,105,103,104,116,101,114,32,98,97,99,107,103,114,111,117,110,100,13,10,32,32,32,32,91,34,84,101,120,116,34,93,32,61,32,67,111,108,111,114,51,46,102,114,111,109,82,71,66,40,50,50,48,44,32,50,50,48,44,32,50,50,48,41,44,32,32,32,32,32,32,32,32,32,32,32,45,45,32,83,111,102,116,32,
119,104,105,116,101,32,116,101,120,116,44,32,101,97,115,105,101,114,32,111,110,32,116,104,101,32,101,121,101,115,13,10,32,32,32,32,91,34,79,117,116,108,105,110,101,34,93,32,61,32,67,111,108,111,114,51,46,102,114,111,109,82,71,66,40,51,53,44,32,51,53,44,32,51,53,41,44,32,32,32,32,32,32,32,32,32,32,32,45,45,32,86,101,114,121,32,115,117,98,116,
108,101,32,100,97,114,107,32,111,117,116,108,105,110,101,32,102,111,114,32,115,109,111,111,116,104,110,101,115,115,13,10,32,32,32,32,91,34,83,101,99,116,105,111,110,32,84,111,112,34,93,32,61,32,67,111,108,111,114,51,46,102,114,111,109,82,71,66,40,49,56,44,32,49,56,44,32,49,56,41,44,32,32,32,32,32,32,32,45,45,32,83,109,111,111,116,104,32,115,101,
99,116,105,111,110,32,104,101,97,100,101,114,13,10,32,32,32,32,91,34,83,101,99,116,105,111,110,32,66,97,99,107,103,114,111,117,110,100,34,93,32,61,32,67,111,108,111,114,51,46,102,114,111,109,82,71,66,40,49,54,44,32,49,54,44,32,49,54,41,44,45,45,32,83,117,98,116,108,101,32,115,101,99,116,105,111,110,32,98,97,99,107,103,114,111,117,110,100,13,10,
32,32,32,32,91,34,83,101,99,116,105,111,110,32,66,97,99,107,103,114,111,117,110,100,32,50,34,93,32,61,32,67,111,108,111,114,51,46,102,114,111,109,82,71,66,40,50,48,44,32,50,48,44,32,50,48,41,44,45,45,32,65,108,116,101,114,110,97,116,101,32,115,101,99,116,105,111,110,32,99,111,108,111,114,13,10,32,32,32,32,91,34,69,108,101,109,101,110,116,34,
93,32,61,32,67,111,108,111,114,51,46,102,114,111,109,82,71,66,40,50,52,44,32,50,52,44,32,50,52,41,32,32,32,32,32,32,32,32,32,32,32,32,45,45,32,85,73,32,101,108,101,109,101,110,116,115,32,40,98,117,116,116,111,110,115,47,100,114,111,112,100,111,119,110,115,41,32,98,97,99,107,103,114,111,117,110,100,13,10,125,13,10,13,10,102,111,114,32,110,97,
109,101,44,32,99,111,108,111,114,32,105,110,32,112,97,105,114,115,40,67,117,115,116,111,109,84,104,101,109,101,41,32,100,111,13,10,32,32,32,32,76,105,98,114,97,114,121,46,84,104,101,109,101,91,110,97,109,101,93,32,61,32,99,111,108,111,114,13,10,32,32,32,32,112,99,97,108,108,40,102,117,110,99,116,105,111,110,40,41,32,76,105,98,114,97,114,121,58,67,104,
97,110,103,101,84,104,101,109,101,40,110,97,109,101,44,32,99,111,108,111,114,41,32,101,110,100,41,13,10,101,110,100,13,10,108,111,99,97,108,32,87,105,110,100,111,119,32,61,32,76,105,98,114,97,114,121,58,87,105,110,100,111,119,40,123,13,10,32,32,32,32,78,97,109,101,32,61,32,34,90,73,73,81,34,44,13,10,32,32,32,32,83,117,98,78,97,109,101,32,61,
32,34,66,121,32,68,101,120,113,34,44,13,10,32,32,32,32,76,111,103,111,32,61,32,34,56,53,50,55,57,55,52,54,53,49,53,57,55,52,34,13,10,125,41,13,10,13,10,108,111,99,97,108,32,75,101,121,98,105,110,100,76,105,115,116,32,61,32,76,105,98,114,97,114,121,58,75,101,121,98,105,110,100,76,105,115,116,40,34,75,101,121,98,105,110,100,115,34,41,13,
10,76,105,98,114,97,114,121,58,87,97,116,101,114,109,97,114,107,40,123,13,10,32,32,32,32,34,90,73,73,81,34,44,13,10,32,32,32,32,34,66,121,32,68,101,120,113,34,44,13,10,32,32,32,32,56,53,50,55,57,55,52,54,53,49,53,57,55,52,13,10,125,41,13,10,76,105,98,114,97,114,121,58,78,111,116,105,102,105,99,97,116,105,111,110,40,123,13,10,32,
32,32,32,32,32,32,32,32,32,32,32,84,105,116,108,101,32,61,32,34,90,73,73,81,34,44,13,10,32,32,32,32,32,32,32,32,32,32,32,32,68,101,115,99,114,105,112,116,105,111,110,32,61,32,34,66,121,32,68,101,120,113,34,44,13,10,32,32,32,32,32,32,32,32,32,32,32,32,68,117,114,97,116,105,111,110,32,61,32,53,44,13,10,32,32,32,32,32,32,32,
32,32,32,32,32,73,99,111,110,32,61,32,34,56,53,50,55,57,55,52,54,53,49,53,57,55,52,34,13,10,32,32,32,32,32,32,32,32,125,41,13,10,13,10,87,105,110,100,111,119,58,67,97,116,101,103,111,114,121,40,34,77,97,105,110,34,41,13,10,13,10,13,10,108,111,99,97,108,32,77,97,105,110,80,97,103,101,32,61,32,87,105,110,100,111,119,58,80,97,103,
101,40,123,78,97,109,101,32,61,32,34,71,101,110,101,114,97,108,34,44,32,73,99,111,110,32,61,32,34,49,51,56,56,50,55,56,56,49,53,53,55,57,52,48,34,125,41,13,10,108,111,99,97,108,32,77,97,105,110,84,97,98,32,61,32,77,97,105,110,80,97,103,101,58,83,101,99,116,105,111,110,40,123,78,97,109,101,32,61,32,34,77,97,105,110,34,44,32,83,105,
100,101,32,61,32,49,125,41,13,10,13,10,108,111,99,97,108,32,70,105,108,116,101,114,67,111,110,102,105,103,32,61,32,123,13,10,9,69,110,97,98,108,101,82,97,114,105,116,121,70,105,108,116,101,114,32,61,32,102,97,108,115,101,44,13,10,9,69,110,97,98,108,101,77,117,116,97,116,105,111,110,70,105,108,116,101,114,32,61,32,102,97,108,115,101,44,13,10,9,66,
117,121,82,97,114,105,116,105,101,115,32,61,32,123,125,44,13,10,9,66,117,121,77,117,116,97,116,105,111,110,115,32,61,32,123,125,44,13,10,125,13,10,108,111,99,97,108,32,102,117,110,99,116,105,111,110,32,103,101,116,83,112,97,119,110,80,97,99,107,67,108,105,99,107,68,101,116,101,99,116,111,114,40,41,13,10,9,108,111,99,97,108,32,112,108,97,121,101,114,32,
61,32,103,97,109,101,58,71,101,116,83,101,114,118,105,99,101,40,34,80,108,97,121,101,114,115,34,41,46,76,111,99,97,108,80,108,97,121,101,114,13,10,9,108,111,99,97,108,32,112,108,111,116,78,117,109,32,61,32,112,108,97,121,101,114,58,70,105,110,100,70,105,114,115,116,67,104,105,108,100,40,34,80,108,111,116,78,117,109,98,101,114,34,41,32,97,110,100,32,112,
108,97,121,101,114,46,80,108,111,116,78,117,109,98,101,114,46,86,97,108,117,101,32,111,114,32,48,13,10,9,105,102,32,112,108,111,116,78,117,109,32,126,61,32,48,32,116,104,101,110,13,10,9,9,108,111,99,97,108,32,112,108,111,116,70,111,108,100,101,114,32,61,32,119,111,114,107,115,112,97,99,101,58,70,105,110,100,70,105,114,115,116,67,104,105,108,100,40,34,77,
65,80,34,41,13,10,9,9,9,97,110,100,32,119,111,114,107,115,112,97,99,101,46,77,65,80,58,70,105,110,100,70,105,114,115,116,67,104,105,108,100,40,34,80,108,111,116,115,34,41,13,10,9,9,9,97,110,100,32,119,111,114,107,115,112,97,99,101,46,77,65,80,46,80,108,111,116,115,58,70,105,110,100,70,105,114,115,116,67,104,105,108,100,40,116,111,115,116,114,105,
110,103,40,112,108,111,116,78,117,109,41,41,13,10,9,9,105,102,32,112,108,111,116,70,111,108,100,101,114,32,97,110,100,32,112,108,111,116,70,111,108,100,101,114,58,70,105,110,100,70,105,114,115,116,67,104,105,108,100,40,34,80,108,111,116,95,78,48,34,41,32,116,104,101,110,13,10,9,9,9,102,111,114,32,95,44,32,118,32,105,110,32,105,112,97,105,114,115,40,112,
108,111,116,70,111,108,100,101,114,46,80,108,111,116,95,78,48,58,71,101,116,68,101,115,99,101,110,100,97,110,116,115,40,41,41,32,100,111,13,10,9,9,9,9,105,102,32,118,58,73,115,65,40,34,67,108,105,99,107,68,101,116,101,99,116,111,114,34,41,32,97,110,100,32,118,46,80,97,114,101,110,116,46,78,97,109,101,32,61,61,32,34,66,117,116,116,111,110,80,97,
114,116,34,32,116,104,101,110,13,10,9,9,9,9,9,114,101,116,117,114,110,32,118,13,10,9,9,9,9,101,110,100,13,10,9,9,9,101,110,100,13,10,9,9,101,110,100,13,10,9,101,110,100,13,10,9,102,111,114,32,95,44,32,100,101,115,99,32,105,110,32,105,112,97,105,114,115,40,119,111,114,107,115,112,97,99,101,58,71,101,116,68,101,115,99,101,110,100,97,110,
116,115,40,41,41,32,100,111,13,10,9,9,105,102,13,10,9,9,9,100,101,115,99,58,73,115,65,40,34,67,108,105,99,107,68,101,116,101,99,116,111,114,34,41,13,10,9,9,9,97,110,100,32,100,101,115,99,46,80,97,114,101,110,116,13,10,9,9,9,97,110,100,32,100,101,115,99,46,80,97,114,101,110,116,46,78,97,109,101,32,61,61,32,34,66,117,116,116,111,110,
80,97,114,116,34,13,10,9,9,9,97,110,100,32,100,101,115,99,46,80,97,114,101,110,116,46,80,97,114,101,110,116,13,10,9,9,9,97,110,100,32,100,101,115,99,46,80,97,114,101,110,116,46,80,97,114,101,110,116,46,78,97,109,101,32,61,61,32,34,80,108,111,116,95,78,48,34,13,10,9,9,116,104,101,110,13,10,9,9,9,114,101,116,117,114,110,32,100,101,115,
99,13,10,9,9,101,110,100,13,10,9,101,110,100,13,10,9,114,101,116,117,114,110,32,110,105,108,13,10,101,110,100,13,10,77,97,105,110,84,97,98,58,66,117,116,116,111,110,40,123,13,10,9,78,97,109,101,32,61,32,34,73,110,118,101,110,116,111,114,121,34,44,13,10,9,67,97,108,108,98,97,99,107,32,61,32,102,117,110,99,116,105,111,110,40,41,13,10,9,9,
108,111,99,97,108,32,108,111,99,97,108,80,108,97,121,101,114,32,61,32,103,97,109,101,58,71,101,116,83,101,114,118,105,99,101,40,34,80,108,97,121,101,114,115,34,41,46,76,111,99,97,108,80,108,97,121,101,114,13,10,9,9,108,111,99,97,108,32,98,97,99,107,112,97,99,107,32,61,32,108,111,99,97,108,80,108,97,121,101,114,58,70,105,110,100,70,105,114,115,116,
67,104,105,108,100,40,34,66,97,99,107,112,97,99,107,34,41,13,10,9,9,108,111,99,97,108,32,99,104,97,114,32,61,32,108,111,99,97,108,80,108,97,121,101,114,46,67,104,97,114,97,99,116,101,114,13,10,9,9,108,111,99,97,108,32,105,116,101,109,115,32,61,32,123,125,13,10,9,9,108,111,99,97,108,32,102,117,110,99,116,105,111,110,32,99,104,101,99,107,73,
116,101,109,40,116,41,13,10,9,9,9,105,102,32,116,58,73,115,65,40,34,84,111,111,108,34,41,32,116,104,101,110,13,10,9,9,9,9,108,111,99,97,108,32,99,97,114,100,78,97,109,101,32,61,32,116,58,71,101,116,65,116,116,114,105,98,117,116,101,40,34,67,97,114,100,78,97,109,101,34,41,13,10,9,9,9,9,105,102,32,99,97,114,100,78,97,109,101,32,116,
104,101,110,13,10,9,9,9,9,9,108,111,99,97,108,32,109,117,116,97,116,105,111,110,32,61,32,116,111,115,116,114,105,110,103,40,116,58,71,101,116,65,116,116,114,105,98,117,116,101,40,34,67,97,114,100,77,117,116,97,116,105,111,110,34,41,32,111,114,32,34,78,111,114,109,97,108,34,41,13,10,9,9,9,9,9,108,111,99,97,108,32,103,114,97,100,101,32,61,32,
116,111,115,116,114,105,110,103,40,116,58,71,101,116,65,116,116,114,105,98,117,116,101,40,34,67,97,114,100,71,114,97,100,101,34,41,32,111,114,32,34,78,47,65,34,41,13,10,9,9,9,9,9,108,111,99,97,108,32,108,101,118,101,108,32,61,32,116,111,110,117,109,98,101,114,40,116,58,71,101,116,65,116,116,114,105,98,117,116,101,40,34,67,97,114,100,76,101,118,101,
108,34,41,41,32,111,114,32,49,13,10,9,9,9,9,9,116,97,98,108,101,46,105,110,115,101,114,116,40,13,10,9,9,9,9,9,9,105,116,101,109,115,44,13,10,9,9,9,9,9,9,115,116,114,105,110,103,46,102,111,114,109,97,116,40,13,10,9,9,9,9,9,9,9,34,91,67,97,114,100,93,32,37,115,32,124,32,76,118,108,58,32,37,100,32,124,32,77,117,116,
97,116,105,111,110,58,32,37,115,32,124,32,71,114,97,100,101,58,32,37,115,34,44,13,10,9,9,9,9,9,9,9,99,97,114,100,78,97,109,101,44,13,10,9,9,9,9,9,9,9,108,101,118,101,108,44,13,10,9,9,9,9,9,9,9,109,117,116,97,116,105,111,110,44,13,10,9,9,9,9,9,9,9,103,114,97,100,101,13,10,9,9,9,9,9,9,41,13,10,9,
9,9,9,9,41,13,10,9,9,9,9,9,114,101,116,117,114,110,13,10,9,9,9,9,101,110,100,13,10,9,9,9,9,108,111,99,97,108,32,112,97,99,107,78,97,109,101,32,61,32,116,58,71,101,116,65,116,116,114,105,98,117,116,101,40,34,84,101,109,112,108,97,116,101,78,97,109,101,34,41,13,10,9,9,9,9,105,102,32,112,97,99,107,78,97,109,101,32,116,104,
101,110,13,10,9,9,9,9,9,108,111,99,97,108,32,109,117,116,97,116,105,111,110,32,61,32,116,111,115,116,114,105,110,103,40,116,58,71,101,116,65,116,116,114,105,98,117,116,101,40,34,77,117,116,97,116,105,111,110,34,41,32,111,114,32,34,78,111,114,109,97,108,34,41,13,10,9,9,9,9,9,108,111,99,97,108,32,114,97,114,105,116,121,32,61,32,116,111,115,116,
114,105,110,103,40,116,58,71,101,116,65,116,116,114,105,98,117,116,101,40,34,82,97,114,105,116,121,34,41,32,111,114,32,34,78,47,65,34,41,13,10,9,9,9,9,9,116,97,98,108,101,46,105,110,115,101,114,116,40,13,10,9,9,9,9,9,9,105,116,101,109,115,44,13,10,9,9,9,9,9,9,115,116,114,105,110,103,46,102,111,114,109,97,116,40,34,91,80,97,99,
107,93,32,37,115,32,124,32,82,97,114,105,116,121,58,32,37,115,32,124,32,77,117,116,97,116,105,111,110,58,32,37,115,34,44,32,112,97,99,107,78,97,109,101,44,32,114,97,114,105,116,121,44,32,109,117,116,97,116,105,111,110,41,13,10,9,9,9,9,9,41,13,10,9,9,9,9,9,114,101,116,117,114,110,13,10,9,9,9,9,101,110,100,13,10,9,9,9,9,116,
97,98,108,101,46,105,110,115,101,114,116,40,105,116,101,109,115,44,32,115,116,114,105,110,103,46,102,111,114,109,97,116,40,34,91,73,116,101,109,93,32,37,115,34,44,32,116,46,78,97,109,101,41,41,13,10,9,9,9,101,110,100,13,10,9,9,101,110,100,13,10,9,9,105,102,32,98,97,99,107,112,97,99,107,32,116,104,101,110,13,10,9,9,9,102,111,114,32,95,44,
32,116,32,105,110,32,105,112,97,105,114,115,40,98,97,99,107,112,97,99,107,58,71,101,116,67,104,105,108,100,114,101,110,40,41,41,32,100,111,13,10,9,9,9,9,99,104,101,99,107,73,116,101,109,40,116,41,13,10,9,9,9,101,110,100,13,10,9,9,101,110,100,13,10,9,9,105,102,32,99,104,97,114,32,116,104,101,110,13,10,9,9,9,102,111,114,32,95,44,32,
116,32,105,110,32,105,112,97,105,114,115,40,99,104,97,114,58,71,101,116,67,104,105,108,100,114,101,110,40,41,41,32,100,111,13,10,9,9,9,9,99,104,101,99,107,73,116,101,109,40,116,41,13,10,9,9,9,101,110,100,13,10,9,9,101,110,100,13,10,9,9,105,102,32,35,105,116,101,109,115,32,62,32,48,32,116,104,101,110,13,10,9,9,9,108,111,99,97,108,32,
114,101,115,117,108,116,84,101,120,116,32,61,32,34,73,110,118,101,110,116,111,114,121,92,110,34,32,46,46,32,116,97,98,108,101,46,99,111,110,99,97,116,40,105,116,101,109,115,44,32,34,92,110,34,41,13,10,9,9,9,105,102,32,115,101,116,99,108,105,112,98,111,97,114,100,32,116,104,101,110,13,10,9,9,9,9,115,101,116,99,108,105,112,98,111,97,114,100,40,114,
101,115,117,108,116,84,101,120,116,41,13,10,9,9,9,9,105,102,32,76,105,98,114,97,114,121,32,97,110,100,32,76,105,98,114,97,114,121,46,78,111,116,105,102,105,99,97,116,105,111,110,32,116,104,101,110,13,10,9,9,9,9,9,76,105,98,114,97,114,121,58,78,111,116,105,102,105,99,97,116,105,111,110,40,123,32,84,105,116,108,101,32,61,32,34,73,110,118,101,110,
116,111,114,121,34,44,32,68,101,115,99,114,105,112,116,105,111,110,32,61,32,34,67,111,112,105,101,100,32,116,111,32,99,108,105,112,98,111,97,114,100,32,115,117,99,99,101,115,115,102,117,108,108,121,33,34,44,32,68,117,114,97,116,105,111,110,32,61,32,53,44,32,73,99,111,110,32,61,32,34,56,53,50,55,57,55,52,54,53,49,53,57,55,52,34,125,41,13,10,9,
9,9,9,101,110,100,13,10,9,9,9,101,108,115,101,13,10,9,9,9,9,105,102,32,76,105,98,114,97,114,121,32,97,110,100,32,76,105,98,114,97,114,121,46,78,111,116,105,102,105,99,97,116,105,111,110,32,116,104,101,110,13,10,9,9,9,9,9,76,105,98,114,97,114,121,58,78,111,116,105,102,105,99,97,116,105,111,110,40,123,13,10,9,9,9,9,9,9,84,105,
116,108,101,32,61,32,34,73,110,118,101,110,116,111,114,121,34,44,13,10,9,9,9,9,9,9,68,101,115,99,114,105,112,116,105,111,110,32,61,32,34,89,111,117,114,32,101,120,101,99,117,116,111,114,32,100,111,101,115,32,110,111,116,32,115,117,112,112,111,114,116,32,115,101,116,99,108,105,112,98,111,97,114,100,33,34,44,13,10,9,9,9,9,9,9,68,117,114,97,116,
105,111,110,32,61,32,53,44,32,73,99,111,110,32,61,32,34,56,53,50,55,57,55,52,54,53,49,53,57,55,52,34,125,41,13,10,9,9,9,9,101,110,100,13,10,9,9,9,101,110,100,13,10,9,9,101,108,115,101,13,10,9,9,9,105,102,32,76,105,98,114,97,114,121,32,97,110,100,32,76,105,98,114,97,114,121,46,78,111,116,105,102,105,99,97,116,105,111,110,32,
116,104,101,110,13,10,9,9,9,9,76,105,98,114,97,114,121,58,78,111,116,105,102,105,99,97,116,105,111,110,40,123,32,84,105,116,108,101,32,61,32,34,73,110,118,101,110,116,111,114,121,34,44,32,68,101,115,99,114,105,112,116,105,111,110,32,61,32,34,89,111,117,114,32,105,110,118,101,110,116,111,114,121,32,105,115,32,101,109,112,116,121,33,34,44,32,68,117,114,97,
116,105,111,110,32,61,32,53,44,32,73,99,111,110,32,61,32,34,56,53,50,55,57,55,52,54,53,49,53,57,55,52,34,125,41,13,10,9,9,9,101,110,100,13,10,9,9,101,110,100,13,10,9,101,110,100,44,13,10,125,41,13,10,103,101,116,103,101,110,118,40,41,46,65,117,116,111,83,112,97,119,110,80,97,99,107,32,61,32,102,97,108,115,101,13,10,108,111,99,97,
108,32,65,117,116,111,83,112,97,119,110,84,111,103,103,108,101,32,61,32,77,97,105,110,84,97,98,58,84,111,103,103,108,101,40,123,32,70,108,97,103,32,61,32,34,65,117,116,111,83,112,97,119,110,80,97,99,107,34,44,13,10,9,78,97,109,101,32,61,32,34,65,117,116,111,32,83,112,97,119,110,32,80,97,99,107,34,44,13,10,9,67,97,108,108,98,97,99,107,32,
61,32,102,117,110,99,116,105,111,110,40,115,116,97,116,101,41,13,10,9,9,103,101,116,103,101,110,118,40,41,46,65,117,116,111,83,112,97,119,110,80,97,99,107,32,61,32,115,116,97,116,101,13,10,9,9,105,102,32,115,116,97,116,101,32,116,104,101,110,13,10,9,9,9,116,97,115,107,46,115,112,97,119,110,40,102,117,110,99,116,105,111,110,40,41,13,10,9,9,9,
9,108,111,99,97,108,32,99,100,32,61,32,103,101,116,83,112,97,119,110,80,97,99,107,67,108,105,99,107,68,101,116,101,99,116,111,114,40,41,13,10,9,9,9,9,105,102,32,110,111,116,32,99,100,32,116,104,101,110,13,10,9,9,9,9,9,76,105,98,114,97,114,121,58,78,111,116,105,102,105,99,97,116,105,111,110,40,123,32,84,105,116,108,101,32,61,32,34,69,114,
114,111,114,34,44,32,68,101,115,99,114,105,112,116,105,111,110,32,61,32,34,83,112,97,119,110,32,80,97,99,107,32,98,117,116,116,111,110,32,110,111,116,32,102,111,117,110,100,33,34,44,32,68,117,114,97,116,105,111,110,32,61,32,51,44,32,73,99,111,110,32,61,32,34,56,53,50,55,57,55,52,54,53,49,53,57,55,52,34,125,41,13,10,9,9,9,9,9,103,101,
116,103,101,110,118,40,41,46,65,117,116,111,83,112,97,119,110,80,97,99,107,32,61,32,102,97,108,115,101,13,10,9,9,9,9,9,114,101,116,117,114,110,13,10,9,9,9,9,101,110,100,13,10,9,9,9,9,13,10,9,9,9,9,119,104,105,108,101,32,103,101,116,103,101,110,118,40,41,46,65,117,116,111,83,112,97,119,110,80,97,99,107,32,100,111,13,10,9,9,9,
9,9,108,111,99,97,108,32,97,99,116,105,118,101,67,97,114,100,115,32,61,32,48,13,10,9,9,9,9,9,105,102,32,103,101,116,103,101,110,118,40,41,46,67,97,114,100,70,111,108,100,101,114,32,116,104,101,110,13,10,9,9,9,9,9,9,102,111,114,32,95,44,32,109,111,100,101,108,32,105,110,32,105,112,97,105,114,115,40,103,101,116,103,101,110,118,40,41,46,67,
97,114,100,70,111,108,100,101,114,58,71,101,116,67,104,105,108,100,114,101,110,40,41,41,32,100,111,13,10,9,9,9,9,9,9,9,105,102,32,109,111,100,101,108,58,73,115,65,40,34,77,111,100,101,108,34,41,32,97,110,100,32,109,111,100,101,108,58,71,101,116,65,116,116,114,105,98,117,116,101,40,34,73,103,110,111,114,101,84,117,116,111,66,101,97,109,34,41,32,126,
61,32,110,105,108,32,97,110,100,32,109,111,100,101,108,58,70,105,110,100,70,105,114,115,116,67,104,105,108,100,87,104,105,99,104,73,115,65,40,34,80,114,111,120,105,109,105,116,121,80,114,111,109,112,116,34,44,32,116,114,117,101,41,32,116,104,101,110,13,10,9,9,9,9,9,9,9,9,105,102,32,103,101,116,103,101,110,118,40,41,46,65,117,116,111,66,117,121,67,97,
114,100,115,32,97,110,100,32,109,111,100,101,108,58,71,101,116,65,116,116,114,105,98,117,116,101,40,34,82,101,106,101,99,116,101,100,34,41,32,116,104,101,110,13,10,9,9,9,9,9,9,9,9,9,99,111,110,116,105,110,117,101,13,10,9,9,9,9,9,9,9,9,101,110,100,13,10,9,9,9,9,9,9,9,9,97,99,116,105,118,101,67,97,114,100,115,32,61,32,97,
99,116,105,118,101,67,97,114,100,115,32,43,32,49,13,10,9,9,9,9,9,9,9,101,110,100,13,10,9,9,9,9,9,9,101,110,100,13,10,9,9,9,9,9,101,110,100,13,10,9,9,9,9,9,105,102,32,103,101,116,103,101,110,118,40,41,46,65,117,116,111,66,117,121,67,97,114,100,115,32,116,104,101,110,13,10,9,9,9,9,9,9,105,102,32,97,99,116,105,118,
101,67,97,114,100,115,32,60,32,51,32,116,104,101,110,13,10,9,9,9,9,9,9,9,112,99,97,108,108,40,102,117,110,99,116,105,111,110,40,41,32,102,105,114,101,99,108,105,99,107,100,101,116,101,99,116,111,114,40,99,100,41,32,101,110,100,41,13,10,9,9,9,9,9,9,9,116,97,115,107,46,119,97,105,116,40,48,46,51,53,41,13,10,9,9,9,9,9,9,101,
108,115,101,13,10,9,9,9,9,9,9,9,116,97,115,107,46,119,97,105,116,40,48,46,49,41,13,10,9,9,9,9,9,9,101,110,100,13,10,9,9,9,9,9,101,108,115,101,13,10,9,9,9,9,9,9,112,99,97,108,108,40,102,117,110,99,116,105,111,110,40,41,32,102,105,114,101,99,108,105,99,107,100,101,116,101,99,116,111,114,40,99,100,41,32,101,110,100,41,13,
10,9,9,9,9,9,9,105,102,32,97,99,116,105,118,101,67,97,114,100,115,32,62,61,32,51,32,116,104,101,110,13,10,9,9,9,9,9,9,9,116,97,115,107,46,119,97,105,116,40,48,46,52,41,13,10,9,9,9,9,9,9,101,108,115,101,13,10,9,9,9,9,9,9,9,116,97,115,107,46,119,97,105,116,40,48,46,51,53,41,13,10,9,9,9,9,9,9,101,110,
100,13,10,9,9,9,9,9,101,110,100,13,10,9,9,9,9,101,110,100,13,10,9,9,9,101,110,100,41,13,10,9,9,101,110,100,13,10,9,101,110,100,44,13,10,125,41,13,10,108,111,99,97,108,32,82,97,114,105,116,105,101,115,76,105,115,116,32,61,32,123,13,10,9,34,67,111,109,109,111,110,34,44,13,10,9,34,85,110,99,111,109,109,111,110,34,44,13,10,9,
34,82,97,114,101,34,44,13,10,9,34,69,112,105,99,34,44,13,10,9,34,76,101,103,101,110,100,97,114,121,34,44,13,10,9,34,77,121,116,104,105,99,34,44,13,10,9,34,83,101,99,114,101,116,34,44,13,10,9,34,68,105,118,105,110,101,34,44,13,10,9,34,84,114,97,110,115,99,101,110,100,101,110,116,34,44,13,10,9,34,83,104,97,100,111,119,34,44,13,10,
9,34,69,109,112,101,114,111,114,34,44,13,10,9,34,68,101,109,111,110,34,44,13,10,9,34,77,97,110,103,97,34,44,13,10,9,34,67,101,108,101,115,116,105,97,108,34,44,13,10,9,34,72,101,97,118,101,110,108,121,34,44,13,10,9,34,67,111,114,114,117,112,116,101,100,34,44,13,10,9,34,83,116,114,105,107,101,114,34,44,13,10,9,34,83,97,99,114,101,100,
34,44,13,10,9,34,80,97,114,97,100,111,120,34,44,13,10,9,34,70,111,117,110,100,101,114,34,44,13,10,9,34,69,118,111,108,118,101,100,34,44,13,10,9,34,77,97,103,105,99,34,44,13,10,9,34,79,110,105,34,44,13,10,9,34,67,104,97,111,115,34,44,13,10,9,34,82,117,105,110,34,44,13,10,9,34,82,101,98,111,114,110,34,44,13,10,9,34,66,101,
97,115,116,34,44,13,10,9,34,78,111,114,100,105,99,34,44,13,10,9,34,72,117,110,116,101,114,34,44,13,10,9,34,83,111,117,108,34,44,13,10,9,34,83,119,111,114,100,115,109,97,110,34,44,13,10,9,34,71,97,109,101,114,34,44,13,10,9,34,82,101,118,101,110,103,101,34,44,13,10,9,34,67,104,97,105,110,115,97,119,34,44,13,10,9,34,69,116,101,114,
110,105,116,121,34,44,13,10,9,34,65,99,97,100,101,109,121,34,44,13,10,9,34,68,121,110,97,115,116,121,34,44,13,10,9,34,71,114,97,105,108,34,44,13,10,9,34,77,121,115,116,101,114,121,34,44,13,10,9,34,86,73,80,34,44,13,10,9,34,69,118,101,110,116,34,44,13,10,9,34,76,105,109,105,116,101,100,34,44,13,10,9,34,66,108,97,122,101,34,44,
13,10,9,34,68,101,118,111,117,114,34,44,13,10,9,34,67,111,110,113,117,101,115,116,34,44,13,10,125,13,10,103,101,116,103,101,110,118,40,41,46,83,101,108,101,99,116,101,100,82,97,114,105,116,105,101,115,32,61,32,123,125,13,10,108,111,99,97,108,32,82,97,114,105,116,121,68,114,111,112,100,111,119,110,32,61,32,77,97,105,110,84,97,98,58,68,114,111,112,100,
111,119,110,40,123,32,70,108,97,103,32,61,32,34,83,101,108,101,99,116,82,97,114,105,116,105,101,115,116,111,66,117,121,34,44,13,10,9,78,97,109,101,32,61,32,34,83,101,108,101,99,116,32,82,97,114,105,116,105,101,115,32,116,111,32,66,117,121,34,44,13,10,9,77,117,108,116,105,32,61,32,116,114,117,101,44,13,10,9,73,116,101,109,115,32,61,32,82,97,114,
105,116,105,101,115,76,105,115,116,44,13,10,9,68,101,102,97,117,108,116,32,61,32,123,125,44,13,10,9,67,97,108,108,98,97,99,107,32,61,32,102,117,110,99,116,105,111,110,40,118,97,108,117,101,41,13,10,9,9,103,101,116,103,101,110,118,40,41,46,83,101,108,101,99,116,101,100,82,97,114,105,116,105,101,115,32,61,32,123,125,13,10,9,9,105,102,32,116,121,112,
101,40,118,97,108,117,101,41,32,61,61,32,34,116,97,98,108,101,34,32,116,104,101,110,13,10,9,9,9,102,111,114,32,107,44,32,118,32,105,110,32,112,97,105,114,115,40,118,97,108,117,101,41,32,100,111,13,10,9,9,9,9,105,102,32,116,121,112,101,40,107,41,32,61,61,32,34,110,117,109,98,101,114,34,32,116,104,101,110,13,10,9,9,9,9,9,103,101,116,103,
101,110,118,40,41,46,83,101,108,101,99,116,101,100,82,97,114,105,116,105,101,115,91,115,116,114,105,110,103,46,108,111,119,101,114,40,116,111,115,116,114,105,110,103,40,118,41,41,93,32,61,32,116,114,117,101,13,10,9,9,9,9,101,108,115,101,13,10,9,9,9,9,9,103,101,116,103,101,110,118,40,41,46,83,101,108,101,99,116,101,100,82,97,114,105,116,105,101,115,91,
115,116,114,105,110,103,46,108,111,119,101,114,40,116,111,115,116,114,105,110,103,40,107,41,41,93,32,61,32,118,13,10,9,9,9,9,101,110,100,13,10,9,9,9,101,110,100,13,10,9,9,101,108,115,101,105,102,32,116,121,112,101,40,118,97,108,117,101,41,32,61,61,32,34,115,116,114,105,110,103,34,32,116,104,101,110,13,10,9,9,9,103,101,116,103,101,110,118,40,41,
46,83,101,108,101,99,116,101,100,82,97,114,105,116,105,101,115,91,115,116,114,105,110,103,46,108,111,119,101,114,40,118,97,108,117,101,41,93,32,61,32,116,114,117,101,13,10,9,9,101,110,100,13,10,9,101,110,100,44,13,10,125,41,13,10,108,111,99,97,108,32,77,117,116,97,116,105,111,110,115,76,105,115,116,32,61,32,123,13,10,9,34,78,111,114,109,97,108,34,44,
13,10,9,34,71,111,108,100,101,110,34,44,13,10,9,34,68,105,97,109,111,110,100,34,44,13,10,9,34,86,101,110,111,109,111,117,115,34,44,13,10,9,34,82,97,105,110,98,111,119,34,44,13,10,9,34,83,97,107,117,114,97,34,44,13,10,9,34,67,97,110,100,121,34,44,13,10,9,34,66,108,101,115,115,101,100,34,44,13,10,9,34,82,97,100,105,111,97,99,116,
105,118,101,34,44,13,10,9,34,71,108,105,116,99,104,34,44,13,10,9,34,83,116,97,114,102,97,108,108,101,110,34,44,13,10,9,34,65,100,109,105,110,34,44,13,10,9,34,85,110,107,110,111,119,34,44,13,10,125,13,10,103,101,116,103,101,110,118,40,41,46,83,101,108,101,99,116,101,100,77,117,116,97,116,105,111,110,115,32,61,32,123,125,13,10,108,111,99,97,108,
32,77,117,116,97,116,105,111,110,68,114,111,112,100,111,119,110,32,61,32,77,97,105,110,84,97,98,58,68,114,111,112,100,111,119,110,40,123,32,70,108,97,103,32,61,32,34,83,101,108,101,99,116,77,117,116,97,116,105,111,110,115,116,111,66,117,121,34,44,13,10,9,78,97,109,101,32,61,32,34,83,101,108,101,99,116,32,77,117,116,97,116,105,111,110,115,32,116,111,32,
66,117,121,34,44,13,10,9,77,117,108,116,105,32,61,32,116,114,117,101,44,13,10,9,73,116,101,109,115,32,61,32,77,117,116,97,116,105,111,110,115,76,105,115,116,44,13,10,9,68,101,102,97,117,108,116,32,61,32,123,125,44,13,10,9,67,97,108,108,98,97,99,107,32,61,32,102,117,110,99,116,105,111,110,40,118,97,108,117,101,41,13,10,9,9,103,101,116,103,101,
110,118,40,41,46,83,101,108,101,99,116,101,100,77,117,116,97,116,105,111,110,115,32,61,32,123,125,13,10,9,9,105,102,32,116,121,112,101,40,118,97,108,117,101,41,32,61,61,32,34,116,97,98,108,101,34,32,116,104,101,110,13,10,9,9,9,102,111,114,32,107,44,32,118,32,105,110,32,112,97,105,114,115,40,118,97,108,117,101,41,32,100,111,13,10,9,9,9,9,105,
102,32,116,121,112,101,40,107,41,32,61,61,32,34,110,117,109,98,101,114,34,32,116,104,101,110,13,10,9,9,9,9,9,103,101,116,103,101,110,118,40,41,46,83,101,108,101,99,116,101,100,77,117,116,97,116,105,111,110,115,91,115,116,114,105,110,103,46,108,111,119,101,114,40,116,111,115,116,114,105,110,103,40,118,41,41,93,32,61,32,116,114,117,101,13,10,9,9,9,9,
101,108,115,101,13,10,9,9,9,9,9,103,101,116,103,101,110,118,40,41,46,83,101,108,101,99,116,101,100,77,117,116,97,116,105,111,110,115,91,115,116,114,105,110,103,46,108,111,119,101,114,40,116,111,115,116,114,105,110,103,40,107,41,41,93,32,61,32,118,13,10,9,9,9,9,101,110,100,13,10,9,9,9,101,110,100,13,10,9,9,101,108,115,101,105,102,32,116,121,112,
101,40,118,97,108,117,101,41,32,61,61,32,34,115,116,114,105,110,103,34,32,116,104,101,110,13,10,9,9,9,103,101,116,103,101,110,118,40,41,46,83,101,108,101,99,116,101,100,77,117,116,97,116,105,111,110,115,91,115,116,114,105,110,103,46,108,111,119,101,114,40,118,97,108,117,101,41,93,32,61,32,116,114,117,101,13,10,9,9,101,110,100,13,10,9,101,110,100,44,13,
10,125,41,13,10,103,101,116,103,101,110,118,40,41,46,67,97,114,100,70,111,108,100,101,114,32,61,32,103,101,116,103,101,110,118,40,41,46,67,97,114,100,70,111,108,100,101,114,32,111,114,32,110,105,108,13,10,103,101,116,103,101,110,118,40,41,46,80,114,111,109,112,116,67,111,111,108,100,111,119,110,115,32,61,32,103,101,116,103,101,110,118,40,41,46,80,114,111,109,112,
116,67,111,111,108,100,111,119,110,115,32,111,114,32,123,125,13,10,108,111,99,97,108,32,82,117,110,83,101,114,118,105,99,101,32,61,32,103,97,109,101,58,71,101,116,83,101,114,118,105,99,101,40,34,82,117,110,83,101,114,118,105,99,101,34,41,13,10,108,111,99,97,108,32,102,117,110,99,116,105,111,110,32,102,105,110,100,67,97,114,100,70,111,108,100,101,114,40,41,13,
10,9,102,111,114,32,95,44,32,100,101,115,99,32,105,110,32,105,112,97,105,114,115,40,119,111,114,107,115,112,97,99,101,58,71,101,116,68,101,115,99,101,110,100,97,110,116,115,40,41,41,32,100,111,13,10,9,9,105,102,32,100,101,115,99,58,73,115,65,40,34,80,114,111,120,105,109,105,116,121,80,114,111,109,112,116,34,41,32,116,104,101,110,13,10,9,9,9,108,111,
99,97,108,32,109,111,100,101,108,32,61,32,100,101,115,99,58,70,105,110,100,70,105,114,115,116,65,110,99,101,115,116,111,114,79,102,67,108,97,115,115,40,34,77,111,100,101,108,34,41,13,10,9,9,9,105,102,32,109,111,100,101,108,32,97,110,100,32,109,111,100,101,108,58,71,101,116,65,116,116,114,105,98,117,116,101,40,34,73,103,110,111,114,101,84,117,116,111,66,101,
97,109,34,41,32,126,61,32,110,105,108,32,116,104,101,110,13,10,9,9,9,9,103,101,116,103,101,110,118,40,41,46,67,97,114,100,70,111,108,100,101,114,32,61,32,109,111,100,101,108,46,80,97,114,101,110,116,13,10,9,9,9,9,114,101,116,117,114,110,32,116,114,117,101,13,10,9,9,9,101,110,100,13,10,9,9,101,110,100,13,10,9,101,110,100,13,10,9,114,101,
116,117,114,110,32,102,97,108,115,101,13,10,101,110,100,13,10,108,111,99,97,108,32,102,117,110,99,116,105,111,110,32,71,101,116,65,108,108,73,110,118,101,110,116,111,114,121,83,117,109,109,97,114,121,40,41,13,10,9,108,111,99,97,108,32,112,108,97,121,101,114,32,61,32,103,97,109,101,58,71,101,116,83,101,114,118,105,99,101,40,34,80,108,97,121,101,114,115,34,41,
46,76,111,99,97,108,80,108,97,121,101,114,13,10,9,108,111,99,97,108,32,105,110,118,101,110,116,111,114,121,32,61,32,123,125,13,10,9,108,111,99,97,108,32,102,117,110,99,116,105,111,110,32,115,99,97,110,70,111,108,100,101,114,40,102,111,108,100,101,114,41,13,10,9,9,105,102,32,110,111,116,32,102,111,108,100,101,114,32,116,104,101,110,13,10,9,9,9,114,101,
116,117,114,110,13,10,9,9,101,110,100,13,10,9,9,102,111,114,32,95,44,32,105,116,101,109,32,105,110,32,105,112,97,105,114,115,40,102,111,108,100,101,114,58,71,101,116,67,104,105,108,100,114,101,110,40,41,41,32,100,111,13,10,9,9,9,105,102,32,105,116,101,109,58,73,115,65,40,34,84,111,111,108,34,41,32,116,104,101,110,13,10,9,9,9,9,108,111,99,97,
108,32,114,97,114,105,116,121,65,116,116,114,32,61,32,105,116,101,109,58,71,101,116,65,116,116,114,105,98,117,116,101,40,34,82,97,114,105,116,121,34,41,13,10,9,9,9,9,108,111,99,97,108,32,99,97,114,100,78,97,109,101,65,116,116,114,32,61,32,105,116,101,109,58,71,101,116,65,116,116,114,105,98,117,116,101,40,34,67,97,114,100,78,97,109,101,34,41,13,10,
9,9,9,9,108,111,99,97,108,32,103,114,111,117,112,75,101,121,32,61,32,114,97,114,105,116,121,65,116,116,114,32,111,114,32,99,97,114,100,78,97,109,101,65,116,116,114,32,111,114,32,105,116,101,109,46,78,97,109,101,13,10,9,9,9,9,105,102,13,10,9,9,9,9,9,110,111,116,32,105,116,101,109,58,71,101,116,65,116,116,114,105,98,117,116,101,40,34,82,97,
114,105,116,121,34,41,13,10,9,9,9,9,9,97,110,100,32,105,116,101,109,58,70,105,110,100,70,105,114,115,116,67,104,105,108,100,40,34,82,97,114,105,116,121,34,41,13,10,9,9,9,9,9,97,110,100,32,105,116,101,109,46,82,97,114,105,116,121,58,73,115,65,40,34,83,116,114,105,110,103,86,97,108,117,101,34,41,13,10,9,9,9,9,116,104,101,110,13,10,9,
9,9,9,9,103,114,111,117,112,75,101,121,32,61,32,105,116,101,109,46,82,97,114,105,116,121,46,86,97,108,117,101,13,10,9,9,9,9,101,110,100,13,10,9,9,9,9,108,111,99,97,108,32,109,117,116,97,116,105,111,110,32,61,32,105,116,101,109,58,71,101,116,65,116,116,114,105,98,117,116,101,40,34,77,117,116,97,116,105,111,110,34,41,32,111,114,32,34,78,111,
114,109,97,108,34,13,10,9,9,9,9,105,102,13,10,9,9,9,9,9,110,111,116,32,105,116,101,109,58,71,101,116,65,116,116,114,105,98,117,116,101,40,34,77,117,116,97,116,105,111,110,34,41,13,10,9,9,9,9,9,97,110,100,32,105,116,101,109,58,70,105,110,100,70,105,114,115,116,67,104,105,108,100,40,34,77,117,116,97,116,105,111,110,34,41,13,10,9,9,9,
9,9,97,110,100,32,105,116,101,109,46,77,117,116,97,116,105,111,110,58,73,115,65,40,34,83,116,114,105,110,103,86,97,108,117,101,34,41,13,10,9,9,9,9,116,104,101,110,13,10,9,9,9,9,9,109,117,116,97,116,105,111,110,32,61,32,105,116,101,109,46,77,117,116,97,116,105,111,110,46,86,97,108,117,101,13,10,9,9,9,9,101,110,100,13,10,9,9,9,9,
105,102,32,110,111,116,32,115,116,114,105,110,103,46,102,105,110,100,40,115,116,114,105,110,103,46,108,111,119,101,114,40,105,116,101,109,46,78,97,109,101,41,44,32,34,98,111,120,34,41,32,97,110,100,32,103,114,111,117,112,75,101,121,32,126,61,32,34,66,111,120,34,32,116,104,101,110,13,10,9,9,9,9,9,105,102,32,110,111,116,32,105,110,118,101,110,116,111,114,121,
91,103,114,111,117,112,75,101,121,93,32,116,104,101,110,13,10,9,9,9,9,9,9,105,110,118,101,110,116,111,114,121,91,103,114,111,117,112,75,101,121,93,32,61,32,123,125,13,10,9,9,9,9,9,101,110,100,13,10,9,9,9,9,9,105,102,32,110,111,116,32,105,110,118,101,110,116,111,114,121,91,103,114,111,117,112,75,101,121,93,91,109,117,116,97,116,105,111,110,93,
32,116,104,101,110,13,10,9,9,9,9,9,9,105,110,118,101,110,116,111,114,121,91,103,114,111,117,112,75,101,121,93,91,109,117,116,97,116,105,111,110,93,32,61,32,48,13,10,9,9,9,9,9,101,110,100,13,10,9,9,9,9,9,105,110,118,101,110,116,111,114,121,91,103,114,111,117,112,75,101,121,93,91,109,117,116,97,116,105,111,110,93,32,61,32,105,110,118,101,110,
116,111,114,121,91,103,114,111,117,112,75,101,121,93,91,109,117,116,97,116,105,111,110,93,32,43,32,49,13,10,9,9,9,9,101,110,100,13,10,9,9,9,101,110,100,13,10,9,9,101,110,100,13,10,9,101,110,100,13,10,9,112,99,97,108,108,40,102,117,110,99,116,105,111,110,40,41,13,10,9,9,115,99,97,110,70,111,108,100,101,114,40,112,108,97,121,101,114,58,70,
105,110,100,70,105,114,115,116,67,104,105,108,100,40,34,66,97,99,107,112,97,99,107,34,41,41,13,10,9,9,105,102,32,112,108,97,121,101,114,46,67,104,97,114,97,99,116,101,114,32,116,104,101,110,13,10,9,9,9,115,99,97,110,70,111,108,100,101,114,40,112,108,97,121,101,114,46,67,104,97,114,97,99,116,101,114,41,13,10,9,9,101,110,100,13,10,9,101,110,100,
41,13,10,9,108,111,99,97,108,32,114,101,115,117,108,116,76,105,110,101,115,32,61,32,123,125,13,10,9,102,111,114,32,107,101,121,44,32,109,117,116,97,116,105,111,110,115,32,105,110,32,112,97,105,114,115,40,105,110,118,101,110,116,111,114,121,41,32,100,111,13,10,9,9,108,111,99,97,108,32,109,117,116,83,116,114,105,110,103,115,32,61,32,123,125,13,10,9,9,102,
111,114,32,109,117,116,44,32,99,111,117,110,116,32,105,110,32,112,97,105,114,115,40,109,117,116,97,116,105,111,110,115,41,32,100,111,13,10,9,9,9,116,97,98,108,101,46,105,110,115,101,114,116,40,109,117,116,83,116,114,105,110,103,115,44,32,109,117,116,32,46,46,32,34,32,120,34,32,46,46,32,116,111,115,116,114,105,110,103,40,99,111,117,110,116,41,41,13,10,9,
9,101,110,100,13,10,9,9,116,97,98,108,101,46,105,110,115,101,114,116,40,114,101,115,117,108,116,76,105,110,101,115,44,32,116,111,115,116,114,105,110,103,40,107,101,121,41,32,46,46,32,34,58,32,34,32,46,46,32,116,97,98,108,101,46,99,111,110,99,97,116,40,109,117,116,83,116,114,105,110,103,115,44,32,34,32,124,32,34,41,41,13,10,9,101,110,100,13,10,9,
105,102,32,35,114,101,115,117,108,116,76,105,110,101,115,32,62,32,48,32,116,104,101,110,13,10,9,9,108,111,99,97,108,32,102,117,108,108,84,101,120,116,32,61,32,116,97,98,108,101,46,99,111,110,99,97,116,40,114,101,115,117,108,116,76,105,110,101,115,44,32,34,92,110,34,41,13,10,9,9,105,102,32,115,116,114,105,110,103,46,108,101,110,40,102,117,108,108,84,101,
120,116,41,32,62,32,49,48,48,48,32,116,104,101,110,13,10,9,9,9,114,101,116,117,114,110,32,115,116,114,105,110,103,46,115,117,98,40,102,117,108,108,84,101,120,116,44,32,49,44,32,49,48,48,48,41,32,46,46,32,34,46,46,46,34,13,10,9,9,101,110,100,13,10,9,9,114,101,116,117,114,110,32,102,117,108,108,84,101,120,116,13,10,9,101,108,115,101,13,10,
9,9,114,101,116,117,114,110,32,34,78,111,110,101,34,13,10,9,101,110,100,13,10,101,110,100,13,10,108,111,99,97,108,32,102,117,110,99,116,105,111,110,32,105,110,115,116,97,110,116,66,117,121,76,111,111,112,40,41,13,10,9,105,102,32,110,111,116,32,103,101,116,103,101,110,118,40,41,46,65,117,116,111,66,117,121,67,97,114,100,115,32,116,104,101,110,13,10,9,9,
114,101,116,117,114,110,13,10,9,101,110,100,13,10,9,105,102,32,110,111,116,32,103,101,116,103,101,110,118,40,41,46,67,97,114,100,70,111,108,100,101,114,32,116,104,101,110,13,10,9,9,102,105,110,100,67,97,114,100,70,111,108,100,101,114,40,41,13,10,9,101,110,100,13,10,9,105,102,32,110,111,116,32,103,101,116,103,101,110,118,40,41,46,67,97,114,100,70,111,108,
100,101,114,32,116,104,101,110,13,10,9,9,114,101,116,117,114,110,13,10,9,101,110,100,13,10,9,102,111,114,32,95,44,32,109,111,100,101,108,32,105,110,32,105,112,97,105,114,115,40,103,101,116,103,101,110,118,40,41,46,67,97,114,100,70,111,108,100,101,114,58,71,101,116,67,104,105,108,100,114,101,110,40,41,41,32,100,111,13,10,9,9,105,102,32,110,111,116,32,109,
111,100,101,108,58,73,115,65,40,34,77,111,100,101,108,34,41,32,111,114,32,109,111,100,101,108,58,71,101,116,65,116,116,114,105,98,117,116,101,40,34,73,103,110,111,114,101,84,117,116,111,66,101,97,109,34,41,32,61,61,32,110,105,108,32,116,104,101,110,13,10,9,9,9,99,111,110,116,105,110,117,101,13,10,9,9,101,110,100,13,10,9,9,108,111,99,97,108,32,112,
114,111,109,112,116,32,61,32,109,111,100,101,108,58,70,105,110,100,70,105,114,115,116,67,104,105,108,100,87,104,105,99,104,73,115,65,40,34,80,114,111,120,105,109,105,116,121,80,114,111,109,112,116,34,44,32,116,114,117,101,41,13,10,9,9,105,102,32,110,111,116,32,112,114,111,109,112,116,32,116,104,101,110,13,10,9,9,9,99,111,110,116,105,110,117,101,13,10,9,9,
101,110,100,13,10,9,9,108,111,99,97,108,32,114,97,114,105,116,121,76,97,98,101,108,32,61,32,109,111,100,101,108,58,70,105,110,100,70,105,114,115,116,67,104,105,108,100,40,34,82,97,114,105,116,121,34,44,32,116,114,117,101,41,13,10,9,9,108,111,99,97,108,32,109,117,116,97,116,105,111,110,76,97,98,101,108,32,61,32,109,111,100,101,108,58,70,105,110,100,70,
105,114,115,116,67,104,105,108,100,40,34,77,117,116,97,116,105,111,110,34,44,32,116,114,117,101,41,13,10,9,9,13,10,9,9,108,111,99,97,108,32,99,97,114,100,82,97,114,105,116,121,44,32,99,97,114,100,77,117,116,97,116,105,111,110,32,61,32,34,34,44,32,34,78,111,114,109,97,108,34,13,10,9,9,105,102,32,114,97,114,105,116,121,76,97,98,101,108,32,116,
104,101,110,13,10,9,9,9,99,97,114,100,82,97,114,105,116,121,32,61,32,115,116,114,105,110,103,46,109,97,116,99,104,40,115,116,114,105,110,103,46,103,115,117,98,40,114,97,114,105,116,121,76,97,98,101,108,46,84,101,120,116,44,32,34,60,91,94,62,93,43,62,34,44,32,34,34,41,44,32,34,94,37,115,42,40,46,45,41,37,115,42,36,34,41,32,111,114,32,34,
34,13,10,9,9,101,110,100,13,10,9,9,105,102,32,109,117,116,97,116,105,111,110,76,97,98,101,108,32,116,104,101,110,13,10,9,9,9,108,111,99,97,108,32,109,84,101,120,116,32,61,32,115,116,114,105,110,103,46,109,97,116,99,104,40,115,116,114,105,110,103,46,103,115,117,98,40,109,117,116,97,116,105,111,110,76,97,98,101,108,46,84,101,120,116,44,32,34,60,91,
94,62,93,43,62,34,44,32,34,34,41,44,32,34,94,37,115,42,40,46,45,41,37,115,42,36,34,41,32,111,114,32,34,34,13,10,9,9,9,105,102,32,109,84,101,120,116,32,126,61,32,34,34,32,116,104,101,110,32,99,97,114,100,77,117,116,97,116,105,111,110,32,61,32,109,84,101,120,116,32,101,110,100,13,10,9,9,101,110,100,13,10,9,9,13,10,9,9,108,111,
99,97,108,32,104,97,115,82,97,114,105,116,121,70,105,108,116,101,114,32,61,32,110,101,120,116,40,103,101,116,103,101,110,118,40,41,46,83,101,108,101,99,116,101,100,82,97,114,105,116,105,101,115,41,32,126,61,32,110,105,108,13,10,9,9,108,111,99,97,108,32,104,97,115,77,117,116,97,116,105,111,110,70,105,108,116,101,114,32,61,32,110,101,120,116,40,103,101,116,103,
101,110,118,40,41,46,83,101,108,101,99,116,101,100,77,117,116,97,116,105,111,110,115,41,32,126,61,32,110,105,108,13,10,9,9,13,10,9,9,105,102,32,104,97,115,82,97,114,105,116,121,70,105,108,116,101,114,32,111,114,32,104,97,115,77,117,116,97,116,105,111,110,70,105,108,116,101,114,32,116,104,101,110,13,10,9,9,9,105,102,32,99,97,114,100,82,97,114,105,116,
121,32,61,61,32,34,34,32,111,114,32,99,97,114,100,82,97,114,105,116,121,32,61,61,32,34,76,97,98,101,108,34,32,116,104,101,110,32,99,111,110,116,105,110,117,101,32,101,110,100,13,10,9,9,9,105,102,32,99,97,114,100,77,117,116,97,116,105,111,110,32,61,61,32,34,34,32,111,114,32,99,97,114,100,77,117,116,97,116,105,111,110,32,61,61,32,34,76,97,98,
101,108,34,32,116,104,101,110,32,99,111,110,116,105,110,117,101,32,101,110,100,13,10,9,9,101,110,100,13,10,9,9,13,10,9,9,108,111,99,97,108,32,109,97,116,99,104,82,97,114,105,116,121,32,61,32,110,111,116,32,104,97,115,82,97,114,105,116,121,70,105,108,116,101,114,32,111,114,32,103,101,116,103,101,110,118,40,41,46,83,101,108,101,99,116,101,100,82,97,114,
105,116,105,101,115,91,115,116,114,105,110,103,46,108,111,119,101,114,40,99,97,114,100,82,97,114,105,116,121,41,93,13,10,9,9,108,111,99,97,108,32,109,97,116,99,104,77,117,116,97,116,105,111,110,32,61,32,110,111,116,32,104,97,115,77,117,116,97,116,105,111,110,70,105,108,116,101,114,32,111,114,32,103,101,116,103,101,110,118,40,41,46,83,101,108,101,99,116,101,100,
77,117,116,97,116,105,111,110,115,91,115,116,114,105,110,103,46,108,111,119,101,114,40,99,97,114,100,77,117,116,97,116,105,111,110,41,93,13,10,9,9,13,10,9,9,105,102,32,109,97,116,99,104,82,97,114,105,116,121,32,97,110,100,32,109,97,116,99,104,77,117,116,97,116,105,111,110,32,116,104,101,110,13,10,9,9,9,108,111,99,97,108,32,110,111,119,32,61,32,116,
105,99,107,40,41,13,10,9,9,9,105,102,32,110,111,116,32,103,101,116,103,101,110,118,40,41,46,80,114,111,109,112,116,67,111,111,108,100,111,119,110,115,91,112,114,111,109,112,116,93,32,111,114,32,110,111,119,32,45,32,103,101,116,103,101,110,118,40,41,46,80,114,111,109,112,116,67,111,111,108,100,111,119,110,115,91,112,114,111,109,112,116,93,32,62,32,48,46,49,48,
32,116,104,101,110,13,10,9,9,9,9,103,101,116,103,101,110,118,40,41,46,80,114,111,109,112,116,67,111,111,108,100,111,119,110,115,91,112,114,111,109,112,116,93,32,61,32,110,111,119,13,10,9,9,9,9,112,99,97,108,108,40,102,117,110,99,116,105,111,110,40,41,13,10,9,9,9,9,9,112,114,111,109,112,116,46,69,110,97,98,108,101,100,32,61,32,116,114,117,101,
13,10,9,9,9,9,9,112,114,111,109,112,116,46,72,111,108,100,68,117,114,97,116,105,111,110,32,61,32,48,13,10,9,9,9,9,9,112,114,111,109,112,116,46,82,101,113,117,105,114,101,115,76,105,110,101,79,102,83,105,103,104,116,32,61,32,102,97,108,115,101,13,10,9,9,9,9,9,112,114,111,109,112,116,46,77,97,120,65,99,116,105,118,97,116,105,111,110,68,105,
115,116,97,110,99,101,32,61,32,57,57,57,57,57,13,10,9,9,9,9,9,13,10,9,9,9,9,9,108,111,99,97,108,32,105,116,101,109,73,100,32,61,32,109,111,100,101,108,58,71,101,116,65,116,116,114,105,98,117,116,101,40,34,84,117,116,111,73,116,101,109,73,100,34,41,13,10,9,9,9,9,9,105,102,32,105,116,101,109,73,100,32,116,104,101,110,13,10,9,9,
9,9,9,9,108,111,99,97,108,32,67,111,110,118,101,121,111,114,82,69,32,61,32,103,97,109,101,58,71,101,116,83,101,114,118,105,99,101,40,34,82,101,112,108,105,99,97,116,101,100,83,116,111,114,97,103,101,34,41,58,70,105,110,100,70,105,114,115,116,67,104,105,108,100,40,34,82,101,109,111,116,101,115,34,41,32,97,110,100,32,103,97,109,101,58,71,101,116,83,101,
114,118,105,99,101,40,34,82,101,112,108,105,99,97,116,101,100,83,116,111,114,97,103,101,34,41,46,82,101,109,111,116,101,115,58,70,105,110,100,70,105,114,115,116,67,104,105,108,100,40,34,67,111,110,118,101,121,111,114,82,69,34,41,13,10,9,9,9,9,9,9,105,102,32,67,111,110,118,101,121,111,114,82,69,32,116,104,101,110,13,10,9,9,9,9,9,9,9,67,111,
110,118,101,121,111,114,82,69,58,70,105,114,101,83,101,114,118,101,114,40,34,84,114,121,66,117,121,34,44,32,123,73,116,101,109,73,100,32,61,32,105,116,101,109,73,100,125,41,13,10,9,9,9,9,9,9,101,110,100,13,10,9,9,9,9,9,101,110,100,13,10,9,9,9,9,9,13,10,9,9,9,9,9,102,105,114,101,112,114,111,120,105,109,105,116,121,112,114,111,109,
112,116,40,112,114,111,109,112,116,41,13,10,9,9,9,9,101,110,100,41,13,10,9,9,9,9,13,10,9,9,9,9,105,102,32,76,105,98,114,97,114,121,46,70,108,97,103,115,91,34,68,105,115,99,111,114,100,87,101,98,104,111,111,107,85,82,76,34,93,32,97,110,100,32,76,105,98,114,97,114,121,46,70,108,97,103,115,91,34,68,105,115,99,111,114,100,87,101,98,104,
111,111,107,85,82,76,34,93,32,126,61,32,34,34,32,116,104,101,110,13,10,9,9,9,9,9,105,102,32,110,111,116,32,103,101,116,103,101,110,118,40,41,46,78,111,116,105,102,105,101,100,67,97,114,100,115,32,116,104,101,110,32,103,101,116,103,101,110,118,40,41,46,78,111,116,105,102,105,101,100,67,97,114,100,115,32,61,32,123,125,32,101,110,100,13,10,9,9,9,9,
9,105,102,32,110,111,116,32,103,101,116,103,101,110,118,40,41,46,78,111,116,105,102,105,101,100,67,97,114,100,115,91,112,114,111,109,112,116,93,32,116,104,101,110,13,10,9,9,9,9,9,9,103,101,116,103,101,110,118,40,41,46,78,111,116,105,102,105,101,100,67,97,114,100,115,91,112,114,111,109,112,116,93,32,61,32,116,114,117,101,13,10,9,9,9,9,9,9,116,97,
115,107,46,115,112,97,119,110,40,102,117,110,99,116,105,111,110,40,41,13,10,9,9,9,9,9,9,9,108,111,99,97,108,32,105,110,118,101,110,116,111,114,121,84,101,120,116,32,61,32,34,85,110,107,110,111,119,110,34,13,10,9,9,9,9,9,9,9,112,99,97,108,108,40,102,117,110,99,116,105,111,110,40,41,32,105,110,118,101,110,116,111,114,121,84,101,120,116,32,61,
32,71,101,116,65,108,108,73,110,118,101,110,116,111,114,121,83,117,109,109,97,114,121,40,41,32,101,110,100,41,13,10,9,9,9,9,9,9,9,76,105,98,114,97,114,121,58,83,101,110,100,87,101,98,104,111,111,107,40,34,34,44,32,123,123,13,10,9,9,9,9,9,9,9,9,91,34,116,105,116,108,101,34,93,32,61,32,34,240,159,142,137,32,67,97,114,100,32,66,111,
117,103,104,116,33,34,44,13,10,9,9,9,9,9,9,9,9,91,34,100,101,115,99,114,105,112,116,105,111,110,34,93,32,61,32,34,83,117,99,99,101,115,115,102,117,108,108,121,32,98,111,117,103,104,116,32,97,32,99,97,114,100,32,109,97,116,99,104,105,110,103,32,121,111,117,114,32,99,114,105,116,101,114,105,97,46,34,44,13,10,9,9,9,9,9,9,9,9,91,34,
116,121,112,101,34,93,32,61,32,34,114,105,99,104,34,44,13,10,9,9,9,9,9,9,9,9,91,34,99,111,108,111,114,34,93,32,61,32,53,53,55,57,54,56,56,44,13,10,9,9,9,9,9,9,9,9,91,34,102,105,101,108,100,115,34,93,32,61,32,123,13,10,9,9,9,9,9,9,9,9,9,123,32,91,34,110,97,109,101,34,93,32,61,32,34,82,97,114,105,116,
121,34,44,32,91,34,118,97,108,117,101,34,93,32,61,32,116,111,115,116,114,105,110,103,40,99,97,114,100,82,97,114,105,116,121,41,44,32,91,34,105,110,108,105,110,101,34,93,32,61,32,116,114,117,101,32,125,44,13,10,9,9,9,9,9,9,9,9,9,123,32,91,34,110,97,109,101,34,93,32,61,32,34,77,117,116,97,116,105,111,110,34,44,32,91,34,118,97,108,117,
101,34,93,32,61,32,116,111,115,116,114,105,110,103,40,99,97,114,100,77,117,116,97,116,105,111,110,41,44,32,91,34,105,110,108,105,110,101,34,93,32,61,32,116,114,117,101,32,125,44,13,10,9,9,9,9,9,9,9,9,9,123,32,91,34,110,97,109,101,34,93,32,61,32,34,70,117,108,108,32,73,110,118,101,110,116,111,114,121,34,44,32,91,34,118,97,108,117,101,34,
93,32,61,32,105,110,118,101,110,116,111,114,121,84,101,120,116,44,32,91,34,105,110,108,105,110,101,34,93,32,61,32,102,97,108,115,101,32,125,13,10,9,9,9,9,9,9,9,9,125,44,13,10,9,9,9,9,9,9,9,9,91,34,116,105,109,101,115,116,97,109,112,34,93,32,61,32,68,97,116,101,84,105,109,101,46,110,111,119,40,41,58,84,111,73,115,111,68,97,116,
101,40,41,13,10,9,9,9,9,9,9,9,125,125,41,13,10,9,9,9,9,9,9,101,110,100,41,13,10,9,9,9,9,9,101,110,100,13,10,9,9,9,9,101,110,100,13,10,9,9,9,101,110,100,13,10,9,9,101,108,115,101,13,10,9,9,9,109,111,100,101,108,58,83,101,116,65,116,116,114,105,98,117,116,101,40,34,82,101,106,101,99,116,101,100,34,44,32,116,114,
117,101,41,13,10,9,9,101,110,100,13,10,9,101,110,100,13,10,101,110,100,13,10,105,102,32,103,101,116,103,101,110,118,40,41,46,66,114,117,116,101,70,111,114,99,101,76,111,111,112,32,116,104,101,110,13,10,9,103,101,116,103,101,110,118,40,41,46,66,114,117,116,101,70,111,114,99,101,76,111,111,112,58,68,105,115,99,111,110,110,101,99,116,40,41,13,10,101,110,100,
13,10,103,101,116,103,101,110,118,40,41,46,66,114,117,116,101,70,111,114,99,101,76,111,111,112,32,61,32,82,117,110,83,101,114,118,105,99,101,46,72,101,97,114,116,98,101,97,116,58,67,111,110,110,101,99,116,40,105,110,115,116,97,110,116,66,117,121,76,111,111,112,41,13,10,103,101,116,103,101,110,118,40,41,46,65,117,116,111,66,117,121,67,97,114,100,115,32,61,32,
102,97,108,115,101,13,10,108,111,99,97,108,32,65,117,116,111,66,117,121,84,111,103,103,108,101,32,61,32,77,97,105,110,84,97,98,58,84,111,103,103,108,101,40,123,32,70,108,97,103,32,61,32,34,66,117,121,83,101,108,101,99,116,101,100,78,111,119,34,44,13,10,9,78,97,109,101,32,61,32,34,65,117,116,111,32,66,117,121,32,83,101,108,101,99,116,101,100,32,67,
97,114,100,115,34,44,13,10,9,67,97,108,108,98,97,99,107,32,61,32,102,117,110,99,116,105,111,110,40,115,116,97,116,101,41,13,10,9,9,103,101,116,103,101,110,118,40,41,46,65,117,116,111,66,117,121,67,97,114,100,115,32,61,32,115,116,97,116,101,13,10,9,101,110,100,44,13,10,125,41,13,10,103,101,116,103,101,110,118,40,41,46,65,117,116,111,67,97,114,114,
121,32,61,32,102,97,108,115,101,13,10,103,101,116,103,101,110,118,40,41,46,65,117,116,111,67,97,114,114,121,68,101,108,97,121,32,61,32,53,13,10,108,111,99,97,108,32,65,117,116,111,67,97,114,114,121,84,111,103,103,108,101,32,61,32,77,97,105,110,84,97,98,58,84,111,103,103,108,101,40,123,32,70,108,97,103,32,61,32,34,65,117,116,111,67,97,114,114,121,67,
111,108,108,101,99,116,77,111,110,101,121,34,44,13,10,9,78,97,109,101,32,61,32,34,65,117,116,111,32,67,97,114,114,121,32,40,67,111,108,108,101,99,116,32,77,111,110,101,121,41,34,44,13,10,9,67,97,108,108,98,97,99,107,32,61,32,102,117,110,99,116,105,111,110,40,115,116,97,116,101,41,13,10,9,9,103,101,116,103,101,110,118,40,41,46,65,117,116,111,67,
97,114,114,121,32,61,32,115,116,97,116,101,13,10,9,9,105,102,32,115,116,97,116,101,32,116,104,101,110,13,10,9,9,9,116,97,115,107,46,115,112,97,119,110,40,102,117,110,99,116,105,111,110,40,41,13,10,9,9,9,9,119,104,105,108,101,32,103,101,116,103,101,110,118,40,41,46,65,117,116,111,67,97,114,114,121,32,100,111,13,10,9,9,9,9,9,108,111,99,97,
108,32,112,108,97,121,101,114,32,61,32,103,97,109,101,58,71,101,116,83,101,114,118,105,99,101,40,34,80,108,97,121,101,114,115,34,41,46,76,111,99,97,108,80,108,97,121,101,114,13,10,9,9,9,9,9,108,111,99,97,108,32,99,104,97,114,97,99,116,101,114,32,61,32,112,108,97,121,101,114,46,67,104,97,114,97,99,116,101,114,13,10,9,9,9,9,9,108,111,99,
97,108,32,104,114,112,32,61,32,99,104,97,114,97,99,116,101,114,32,97,110,100,32,99,104,97,114,97,99,116,101,114,58,70,105,110,100,70,105,114,115,116,67,104,105,108,100,40,34,72,117,109,97,110,111,105,100,82,111,111,116,80,97,114,116,34,41,13,10,9,9,9,9,9,108,111,99,97,108,32,115,101,97,114,99,104,65,114,101,97,32,61,32,119,111,114,107,115,112,97,
99,101,13,10,9,9,9,9,9,108,111,99,97,108,32,112,108,111,116,78,117,109,32,61,32,112,108,97,121,101,114,58,70,105,110,100,70,105,114,115,116,67,104,105,108,100,40,34,80,108,111,116,78,117,109,98,101,114,34,41,32,97,110,100,32,112,108,97,121,101,114,46,80,108,111,116,78,117,109,98,101,114,46,86,97,108,117,101,32,111,114,32,48,13,10,9,9,9,9,9,
13,10,9,9,9,9,9,105,102,32,112,108,111,116,78,117,109,32,126,61,32,48,32,116,104,101,110,13,10,9,9,9,9,9,9,108,111,99,97,108,32,112,108,111,116,70,111,108,100,101,114,32,61,32,119,111,114,107,115,112,97,99,101,58,70,105,110,100,70,105,114,115,116,67,104,105,108,100,40,34,77,65,80,34,41,13,10,9,9,9,9,9,9,9,97,110,100,32,119,111,
114,107,115,112,97,99,101,46,77,65,80,58,70,105,110,100,70,105,114,115,116,67,104,105,108,100,40,34,80,108,111,116,115,34,41,13,10,9,9,9,9,9,9,9,97,110,100,32,119,111,114,107,115,112,97,99,101,46,77,65,80,46,80,108,111,116,115,58,70,105,110,100,70,105,114,115,116,67,104,105,108,100,40,116,111,115,116,114,105,110,103,40,112,108,111,116,78,117,109,41,
41,13,10,9,9,9,9,9,9,105,102,32,112,108,111,116,70,111,108,100,101,114,32,116,104,101,110,13,10,9,9,9,9,9,9,9,115,101,97,114,99,104,65,114,101,97,32,61,32,112,108,111,116,70,111,108,100,101,114,13,10,9,9,9,9,9,9,101,110,100,13,10,9,9,9,9,9,101,110,100,13,10,9,9,9,9,9,13,10,9,9,9,9,9,105,102,32,104,114,112,
32,116,104,101,110,13,10,9,9,9,9,9,9,108,111,99,97,108,32,111,114,105,103,105,110,97,108,67,70,114,97,109,101,32,61,32,104,114,112,46,67,70,114,97,109,101,13,10,9,9,9,9,9,9,108,111,99,97,108,32,99,111,108,108,101,99,116,101,100,32,61,32,102,97,108,115,101,13,10,9,9,9,9,9,9,13,10,9,9,9,9,9,9,108,111,99,97,108,32,102,
117,110,99,116,105,111,110,32,103,101,116,66,111,120,67,111,117,110,116,40,41,13,10,9,9,9,9,9,9,9,108,111,99,97,108,32,99,111,117,110,116,32,61,32,48,13,10,9,9,9,9,9,9,9,108,111,99,97,108,32,98,112,32,61,32,112,108,97,121,101,114,58,70,105,110,100,70,105,114,115,116,67,104,105,108,100,40,34,66,97,99,107,112,97,99,107,34,41,13,10,
9,9,9,9,9,9,9,105,102,32,98,112,32,116,104,101,110,13,10,9,9,9,9,9,9,9,9,102,111,114,32,95,44,32,118,32,105,110,32,105,112,97,105,114,115,40,98,112,58,71,101,116,67,104,105,108,100,114,101,110,40,41,41,32,100,111,32,105,102,32,118,58,73,115,65,40,34,84,111,111,108,34,41,32,97,110,100,32,118,46,78,97,109,101,58,102,105,110,100,40,
34,66,111,120,34,41,32,116,104,101,110,32,99,111,117,110,116,32,61,32,99,111,117,110,116,32,43,32,49,32,101,110,100,32,101,110,100,13,10,9,9,9,9,9,9,9,101,110,100,13,10,9,9,9,9,9,9,9,102,111,114,32,95,44,32,118,32,105,110,32,105,112,97,105,114,115,40,99,104,97,114,97,99,116,101,114,58,71,101,116,67,104,105,108,100,114,101,110,40,41,
41,32,100,111,32,105,102,32,118,58,73,115,65,40,34,84,111,111,108,34,41,32,97,110,100,32,118,46,78,97,109,101,58,102,105,110,100,40,34,66,111,120,34,41,32,116,104,101,110,32,99,111,117,110,116,32,61,32,99,111,117,110,116,32,43,32,49,32,101,110,100,32,101,110,100,13,10,9,9,9,9,9,9,9,114,101,116,117,114,110,32,99,111,117,110,116,13,10,9,9,
9,9,9,9,101,110,100,13,10,9,9,9,9,9,9,13,10,9,9,9,9,9,9,102,111,114,32,95,44,32,112,114,111,109,112,116,32,105,110,32,105,112,97,105,114,115,40,115,101,97,114,99,104,65,114,101,97,58,71,101,116,68,101,115,99,101,110,100,97,110,116,115,40,41,41,32,100,111,13,10,9,9,9,9,9,9,9,105,102,32,110,111,116,32,103,101,116,103,101,110,
118,40,41,46,65,117,116,111,67,97,114,114,121,32,116,104,101,110,32,98,114,101,97,107,32,101,110,100,13,10,9,9,9,9,9,9,9,13,10,9,9,9,9,9,9,9,105,102,32,112,114,111,109,112,116,58,73,115,65,40,34,80,114,111,120,105,109,105,116,121,80,114,111,109,112,116,34,41,32,116,104,101,110,13,10,9,9,9,9,9,9,9,9,108,111,99,97,108,32,116,
120,116,32,61,32,40,112,114,111,109,112,116,46,65,99,116,105,111,110,84,101,120,116,32,46,46,32,34,32,34,32,46,46,32,112,114,111,109,112,116,46,79,98,106,101,99,116,84,101,120,116,32,46,46,32,34,32,34,32,46,46,32,112,114,111,109,112,116,46,78,97,109,101,41,58,108,111,119,101,114,40,41,13,10,9,9,9,9,9,9,9,9,108,111,99,97,108,32,102,117,
108,108,84,120,116,32,61,32,112,114,111,109,112,116,46,65,99,116,105,111,110,84,101,120,116,32,46,46,32,34,32,34,32,46,46,32,112,114,111,109,112,116,46,79,98,106,101,99,116,84,101,120,116,32,46,46,32,34,32,34,32,46,46,32,112,114,111,109,112,116,46,78,97,109,101,13,10,9,9,9,9,9,9,9,9,13,10,9,9,9,9,9,9,9,9,105,102,32,116,120,
116,58,102,105,110,100,40,34,99,97,114,114,121,34,41,32,111,114,32,116,120,116,58,102,105,110,100,40,34,99,111,108,108,101,99,116,34,41,32,111,114,32,116,120,116,58,102,105,110,100,40,34,99,97,115,104,34,41,32,111,114,32,102,117,108,108,84,120,116,58,102,105,110,100,40,34,224,184,158,224,184,129,34,41,32,111,114,32,102,117,108,108,84,120,116,58,102,105,110,100,
40,34,224,185,128,224,184,129,224,185,135,224,184,154,34,41,32,116,104,101,110,13,10,9,9,9,9,9,9,9,9,9,112,99,97,108,108,40,102,117,110,99,116,105,111,110,40,41,13,10,9,9,9,9,9,9,9,9,9,9,108,111,99,97,108,32,116,97,114,103,101,116,80,111,115,13,10,9,9,9,9,9,9,9,9,9,9,105,102,32,112,114,111,109,112,116,46,80,97,114,
101,110,116,58,73,115,65,40,34,66,97,115,101,80,97,114,116,34,41,32,116,104,101,110,13,10,9,9,9,9,9,9,9,9,9,9,9,116,97,114,103,101,116,80,111,115,32,61,32,112,114,111,109,112,116,46,80,97,114,101,110,116,46,80,111,115,105,116,105,111,110,13,10,9,9,9,9,9,9,9,9,9,9,101,108,115,101,105,102,32,112,114,111,109,112,116,46,80,97,114,
101,110,116,58,73,115,65,40,34,65,116,116,97,99,104,109,101,110,116,34,41,32,116,104,101,110,13,10,9,9,9,9,9,9,9,9,9,9,9,116,97,114,103,101,116,80,111,115,32,61,32,112,114,111,109,112,116,46,80,97,114,101,110,116,46,87,111,114,108,100,80,111,115,105,116,105,111,110,13,10,9,9,9,9,9,9,9,9,9,9,101,108,115,101,105,102,32,112,114,111,
109,112,116,46,80,97,114,101,110,116,58,73,115,65,40,34,77,111,100,101,108,34,41,32,97,110,100,32,112,114,111,109,112,116,46,80,97,114,101,110,116,46,80,114,105,109,97,114,121,80,97,114,116,32,116,104,101,110,13,10,9,9,9,9,9,9,9,9,9,9,9,116,97,114,103,101,116,80,111,115,32,61,32,112,114,111,109,112,116,46,80,97,114,101,110,116,46,80,114,105,
109,97,114,121,80,97,114,116,46,80,111,115,105,116,105,111,110,13,10,9,9,9,9,9,9,9,9,9,9,101,110,100,13,10,9,9,9,9,9,9,9,9,9,9,13,10,9,9,9,9,9,9,9,9,9,9,105,102,32,116,97,114,103,101,116,80,111,115,32,116,104,101,110,13,10,9,9,9,9,9,9,9,9,9,9,9,108,111,99,97,108,32,115,116,97,114,116,67,111,117,
110,116,32,61,32,103,101,116,66,111,120,67,111,117,110,116,40,41,13,10,9,9,9,9,9,9,9,9,9,9,9,13,10,9,9,9,9,9,9,9,9,9,9,9,108,111,99,97,108,32,99,97,114,114,121,84,97,114,103,101,116,32,61,32,67,70,114,97,109,101,46,110,101,119,40,116,97,114,103,101,116,80,111,115,41,32,43,32,86,101,99,116,111,114,51,46,110,101,119,40,
48,44,32,51,44,32,48,41,13,10,9,9,9,9,9,9,9,9,9,9,9,104,114,112,46,67,70,114,97,109,101,32,61,32,99,97,114,114,121,84,97,114,103,101,116,13,10,9,9,9,9,9,9,9,9,9,9,9,104,114,112,46,86,101,108,111,99,105,116,121,32,61,32,86,101,99,116,111,114,51,46,110,101,119,40,48,44,32,48,44,32,48,41,13,10,9,9,9,9,9,
9,9,9,9,9,9,116,97,115,107,46,119,97,105,116,40,48,46,50,41,13,10,9,9,9,9,9,9,9,9,9,9,9,13,10,9,9,9,9,9,9,9,9,9,9,9,108,111,99,97,108,32,116,105,109,101,111,117,116,32,61,32,48,13,10,9,9,9,9,9,9,9,9,9,9,9,119,104,105,108,101,32,112,114,111,109,112,116,32,97,110,100,32,112,114,111,109,112,116,46,
80,97,114,101,110,116,32,97,110,100,32,116,105,109,101,111,117,116,32,60,32,53,48,32,100,111,13,10,9,9,9,9,9,9,9,9,9,9,9,9,112,114,111,109,112,116,46,82,101,113,117,105,114,101,115,76,105,110,101,79,102,83,105,103,104,116,32,61,32,102,97,108,115,101,13,10,9,9,9,9,9,9,9,9,9,9,9,9,112,114,111,109,112,116,46,77,97,120,65,99,
116,105,118,97,116,105,111,110,68,105,115,116,97,110,99,101,32,61,32,57,57,57,57,57,13,10,9,9,9,9,9,9,9,9,9,9,9,9,102,105,114,101,112,114,111,120,105,109,105,116,121,112,114,111,109,112,116,40,112,114,111,109,112,116,41,13,10,9,9,9,9,9,9,9,9,9,9,9,9,13,10,9,9,9,9,9,9,9,9,9,9,9,9,116,97,115,107,46,119,97,
105,116,40,48,46,49,41,13,10,9,9,9,9,9,9,9,9,9,9,9,9,116,105,109,101,111,117,116,32,61,32,116,105,109,101,111,117,116,32,43,32,49,13,10,9,9,9,9,9,9,9,9,9,9,9,9,13,10,9,9,9,9,9,9,9,9,9,9,9,9,105,102,32,103,101,116,66,111,120,67,111,117,110,116,40,41,32,62,32,115,116,97,114,116,67,111,117,110,116,32,
116,104,101,110,13,10,9,9,9,9,9,9,9,9,9,9,9,9,9,99,111,108,108,101,99,116,101,100,32,61,32,116,114,117,101,13,10,9,9,9,9,9,9,9,9,9,9,9,9,9,98,114,101,97,107,13,10,9,9,9,9,9,9,9,9,9,9,9,9,101,110,100,13,10,9,9,9,9,9,9,9,9,9,9,9,101,110,100,13,10,9,9,9,9,9,9,9,9,9,9,
9,13,10,9,9,9,9,9,9,9,9,9,9,9,104,114,112,46,67,70,114,97,109,101,32,61,32,111,114,105,103,105,110,97,108,67,70,114,97,109,101,13,10,9,9,9,9,9,9,9,9,9,9,9,116,97,115,107,46,119,97,105,116,40,48,46,50,41,13,10,9,9,9,9,9,9,9,9,9,9,101,110,100,13,10,9,9,9,9,9,9,9,9,9,101,110,100,41,13,10,
9,9,9,9,9,9,9,9,9,13,10,9,9,9,9,9,9,9,9,9,45,45,32,34,224,185,131,224,184,171,224,185,137,224,184,161,224,184,177,224,184,153,224,185,128,224,184,129,224,185,135,224,184,154,224,184,129,224,185,136,224,184,173,224,184,153,224,184,129,224,184,165,224,185,136,224,184,173,224,184,135,32,49,32,224,185,129,224,184,165,224,185,137,224,184,167,224,184,167,224,
184,178,224,184,155,224,184,129,224,184,165,224,184,177,224,184,154,224,184,161,224,184,178,34,32,45,62,32,224,185,128,224,184,129,224,185,135,224,184,154,224,184,170,224,184,179,224,185,128,224,184,163,224,185,135,224,184,136,32,49,32,224,184,129,224,184,165,224,185,136,224,184,173,224,184,135,224,185,131,224,184,171,224,185,137,224,184,171,224,184,162,224,184,184,224,184,148,224,184,171,
224,184,178,224,184,149,224,185,136,224,184,173,13,10,9,9,9,9,9,9,9,9,9,105,102,32,99,111,108,108,101,99,116,101,100,32,116,104,101,110,13,10,9,9,9,9,9,9,9,9,9,9,98,114,101,97,107,13,10,9,9,9,9,9,9,9,9,9,101,110,100,13,10,9,9,9,9,9,9,9,9,101,110,100,13,10,9,9,9,9,9,9,9,101,110,100,13,10,9,9,
9,9,9,9,101,110,100,13,10,9,9,9,9,9,101,110,100,13,10,9,9,9,9,9,108,111,99,97,108,32,100,101,108,97,121,84,105,109,101,32,61,32,116,111,110,117,109,98,101,114,40,103,101,116,103,101,110,118,40,41,46,65,117,116,111,67,97,114,114,121,68,101,108,97,121,41,32,111,114,32,53,13,10,9,9,9,9,9,105,102,32,100,101,108,97,121,84,105,109,101,
32,60,32,49,32,116,104,101,110,13,10,9,9,9,9,9,9,100,101,108,97,121,84,105,109,101,32,61,32,49,13,10,9,9,9,9,9,101,110,100,13,10,9,9,9,9,9,108,111,99,97,108,32,101,108,97,112,115,101,100,32,61,32,48,13,10,9,9,9,9,9,119,104,105,108,101,32,103,101,116,103,101,110,118,40,41,46,65,117,116,111,67,97,114,114,121,32,97,110,100,
32,101,108,97,112,115,101,100,32,60,32,40,100,101,108,97,121,84,105,109,101,32,42,32,54,48,41,32,100,111,13,10,9,9,9,9,9,9,116,97,115,107,46,119,97,105,116,40,49,41,13,10,9,9,9,9,9,9,101,108,97,112,115,101,100,32,61,32,101,108,97,112,115,101,100,32,43,32,49,13,10,9,9,9,9,9,101,110,100,13,10,9,9,9,9,9,116,97,115,107,
46,119,97,105,116,40,49,41,13,10,9,9,9,9,101,110,100,13,10,9,9,9,101,110,100,41,13,10,9,9,101,110,100,13,10,9,101,110,100,44,13,10,125,41,13,10,45,45,32,61,61,61,61,61,32,65,117,116,111,32,83,101,108,108,32,66,111,120,32,40,224,184,130,224,184,178,224,184,162,224,184,163,224,184,167,224,184,148,224,185,128,224,184,148,224,184,181,224,184,162,
224,184,167,224,185,129,224,184,154,224,184,154,224,184,138,224,184,177,224,184,167,224,184,163,224,185,140,32,49,48,48,37,41,32,61,61,61,61,61,13,10,103,101,116,103,101,110,118,40,41,46,65,117,116,111,83,101,108,108,66,111,120,32,61,32,102,97,108,115,101,13,10,108,111,99,97,108,32,65,117,116,111,83,101,108,108,66,111,120,84,111,103,103,108,101,32,61,32,77,97,
105,110,84,97,98,58,84,111,103,103,108,101,40,123,32,70,108,97,103,32,61,32,34,65,117,116,111,83,101,108,108,66,111,120,34,44,13,10,9,78,97,109,101,32,61,32,34,65,117,116,111,32,83,101,108,108,32,66,111,120,34,44,13,10,9,67,97,108,108,98,97,99,107,32,61,32,102,117,110,99,116,105,111,110,40,115,116,97,116,101,41,13,10,9,9,103,101,116,103,101,
110,118,40,41,46,65,117,116,111,83,101,108,108,66,111,120,32,61,32,115,116,97,116,101,13,10,9,9,105,102,32,115,116,97,116,101,32,116,104,101,110,13,10,9,9,9,116,97,115,107,46,115,112,97,119,110,40,102,117,110,99,116,105,111,110,40,41,13,10,9,9,9,9,108,111,99,97,108,32,112,108,97,121,101,114,32,61,32,103,97,109,101,58,71,101,116,83,101,114,118,
105,99,101,40,34,80,108,97,121,101,114,115,34,41,46,76,111,99,97,108,80,108,97,121,101,114,13,10,9,9,9,9,108,111,99,97,108,32,118,105,109,32,61,32,103,97,109,101,58,71,101,116,83,101,114,118,105,99,101,40,34,86,105,114,116,117,97,108,73,110,112,117,116,77,97,110,97,103,101,114,34,41,13,10,9,9,9,9,13,10,9,9,9,9,76,105,98,114,97,114,
121,58,78,111,116,105,102,105,99,97,116,105,111,110,40,123,32,84,105,116,108,101,32,61,32,34,65,117,116,111,32,83,101,108,108,32,66,111,120,34,44,32,68,101,115,99,114,105,112,116,105,111,110,32,61,32,34,83,116,97,114,116,101,100,33,34,44,32,68,117,114,97,116,105,111,110,32,61,32,51,44,32,73,99,111,110,32,61,32,34,56,53,50,55,57,55,52,54,53,49,
53,57,55,52,34,32,125,41,13,10,9,9,9,9,13,10,9,9,9,9,119,104,105,108,101,32,103,101,116,103,101,110,118,40,41,46,65,117,116,111,83,101,108,108,66,111,120,32,100,111,13,10,9,9,9,9,9,108,111,99,97,108,32,99,104,97,114,97,99,116,101,114,32,61,32,112,108,97,121,101,114,46,67,104,97,114,97,99,116,101,114,13,10,9,9,9,9,9,108,111,
99,97,108,32,104,114,112,32,61,32,99,104,97,114,97,99,116,101,114,32,97,110,100,32,99,104,97,114,97,99,116,101,114,58,70,105,110,100,70,105,114,115,116,67,104,105,108,100,40,34,72,117,109,97,110,111,105,100,82,111,111,116,80,97,114,116,34,41,13,10,9,9,9,9,9,108,111,99,97,108,32,98,97,99,107,112,97,99,107,32,61,32,112,108,97,121,101,114,58,70,
105,110,100,70,105,114,115,116,67,104,105,108,100,40,34,66,97,99,107,112,97,99,107,34,41,13,10,9,9,9,9,9,13,10,9,9,9,9,9,45,45,32,224,184,148,224,184,182,224,184,135,224,184,129,224,184,165,224,185,136,224,184,173,224,184,135,224,184,151,224,184,177,224,185,137,224,184,135,224,184,171,224,184,161,224,184,148,224,184,151,224,184,181,224,185,136,224,184,161,224,
184,181,224,185,131,224,184,153,224,184,149,224,184,177,224,184,167,224,184,173,224,184,173,224,184,129,224,184,161,224,184,178,13,10,9,9,9,9,9,108,111,99,97,108,32,109,121,66,111,120,101,115,32,61,32,123,125,13,10,9,9,9,9,9,105,102,32,98,97,99,107,112,97,99,107,32,116,104,101,110,13,10,9,9,9,9,9,9,102,111,114,32,95,44,32,116,111,111,108,32,
105,110,32,105,112,97,105,114,115,40,98,97,99,107,112,97,99,107,58,71,101,116,67,104,105,108,100,114,101,110,40,41,41,32,100,111,13,10,9,9,9,9,9,9,9,105,102,32,116,111,111,108,58,73,115,65,40,34,84,111,111,108,34,41,32,97,110,100,32,40,116,111,111,108,58,71,101,116,65,116,116,114,105,98,117,116,101,40,34,66,111,120,86,97,108,117,101,34,41,32,
126,61,32,110,105,108,32,111,114,32,116,111,111,108,46,78,97,109,101,58,102,105,110,100,40,34,66,111,120,34,41,41,32,116,104,101,110,13,10,9,9,9,9,9,9,9,9,116,97,98,108,101,46,105,110,115,101,114,116,40,109,121,66,111,120,101,115,44,32,116,111,111,108,41,13,10,9,9,9,9,9,9,9,101,110,100,13,10,9,9,9,9,9,9,101,110,100,13,10,9,
9,9,9,9,101,110,100,13,10,9,9,9,9,9,105,102,32,99,104,97,114,97,99,116,101,114,32,116,104,101,110,13,10,9,9,9,9,9,9,102,111,114,32,95,44,32,116,111,111,108,32,105,110,32,105,112,97,105,114,115,40,99,104,97,114,97,99,116,101,114,58,71,101,116,67,104,105,108,100,114,101,110,40,41,41,32,100,111,13,10,9,9,9,9,9,9,9,105,102,32,
116,111,111,108,58,73,115,65,40,34,84,111,111,108,34,41,32,97,110,100,32,40,116,111,111,108,58,71,101,116,65,116,116,114,105,98,117,116,101,40,34,66,111,120,86,97,108,117,101,34,41,32,126,61,32,110,105,108,32,111,114,32,116,111,111,108,46,78,97,109,101,58,102,105,110,100,40,34,66,111,120,34,41,41,32,116,104,101,110,13,10,9,9,9,9,9,9,9,9,116,
97,98,108,101,46,105,110,115,101,114,116,40,109,121,66,111,120,101,115,44,32,116,111,111,108,41,13,10,9,9,9,9,9,9,9,101,110,100,13,10,9,9,9,9,9,9,101,110,100,13,10,9,9,9,9,9,101,110,100,13,10,9,9,9,9,9,13,10,9,9,9,9,9,105,102,32,35,109,121,66,111,120,101,115,32,62,32,48,32,97,110,100,32,104,114,112,32,97,110,100,
32,99,104,97,114,97,99,116,101,114,58,70,105,110,100,70,105,114,115,116,67,104,105,108,100,40,34,72,117,109,97,110,111,105,100,34,41,32,116,104,101,110,13,10,9,9,9,9,9,9,108,111,99,97,108,32,111,114,105,103,105,110,97,108,67,70,114,97,109,101,32,61,32,104,114,112,46,67,70,114,97,109,101,13,10,9,9,9,9,9,9,13,10,9,9,9,9,9,9,45,
45,32,224,184,171,224,184,178,224,184,155,224,184,184,224,185,136,224,184,161,224,184,130,224,184,178,224,184,162,224,185,129,224,184,165,224,184,176,224,184,158,224,184,180,224,184,129,224,184,177,224,184,148,224,184,151,224,184,181,224,185,136,224,184,149,224,185,137,224,184,173,224,184,135,224,184,167,224,184,178,224,184,163,224,185,140,224,184,155,224,185,132,224,184,155,32,40,224,185,128,
224,184,173,224,184,178,224,184,136,224,184,178,224,184,129,224,185,129,224,184,155,224,184,165,224,184,135,224,184,149,224,184,177,224,184,167,224,185,128,224,184,173,224,184,135,224,184,129,224,185,136,224,184,173,224,184,153,32,224,184,150,224,185,137,224,184,178,224,185,132,224,184,161,224,185,136,224,184,161,224,184,181,224,184,132,224,185,136,224,184,173,224,184,162,224,184,171,224,184,178,
224,184,151,224,184,177,224,185,136,224,184,167,224,185,129,224,184,161,224,184,158,41,13,10,9,9,9,9,9,9,108,111,99,97,108,32,115,101,108,108,80,114,111,109,112,116,32,61,32,110,105,108,13,10,9,9,9,9,9,9,108,111,99,97,108,32,116,97,114,103,101,116,67,70,114,97,109,101,32,61,32,110,105,108,13,10,9,9,9,9,9,9,13,10,9,9,9,9,9,9,
108,111,99,97,108,32,112,108,111,116,78,117,109,32,61,32,112,108,97,121,101,114,58,70,105,110,100,70,105,114,115,116,67,104,105,108,100,40,34,80,108,111,116,78,117,109,98,101,114,34,41,32,97,110,100,32,112,108,97,121,101,114,46,80,108,111,116,78,117,109,98,101,114,46,86,97,108,117,101,32,111,114,32,48,13,10,9,9,9,9,9,9,105,102,32,112,108,111,116,78,
117,109,32,126,61,32,48,32,116,104,101,110,13,10,9,9,9,9,9,9,9,108,111,99,97,108,32,112,108,111,116,70,111,108,100,101,114,32,61,32,119,111,114,107,115,112,97,99,101,58,70,105,110,100,70,105,114,115,116,67,104,105,108,100,40,34,77,65,80,34,41,13,10,9,9,9,9,9,9,9,9,97,110,100,32,119,111,114,107,115,112,97,99,101,46,77,65,80,58,70,
105,110,100,70,105,114,115,116,67,104,105,108,100,40,34,80,108,111,116,115,34,41,13,10,9,9,9,9,9,9,9,9,97,110,100,32,119,111,114,107,115,112,97,99,101,46,77,65,80,46,80,108,111,116,115,58,70,105,110,100,70,105,114,115,116,67,104,105,108,100,40,116,111,115,116,114,105,110,103,40,112,108,111,116,78,117,109,41,41,13,10,9,9,9,9,9,9,9,105,102,
32,112,108,111,116,70,111,108,100,101,114,32,97,110,100,32,112,108,111,116,70,111,108,100,101,114,58,70,105,110,100,70,105,114,115,116,67,104,105,108,100,40,34,80,108,111,116,95,78,48,34,41,32,97,110,100,32,112,108,111,116,70,111,108,100,101,114,46,80,108,111,116,95,78,48,58,70,105,110,100,70,105,114,115,116,67,104,105,108,100,40,34,83,101,108,108,80,97,114,116,
34,41,32,116,104,101,110,13,10,9,9,9,9,9,9,9,9,115,101,108,108,80,114,111,109,112,116,32,61,32,112,108,111,116,70,111,108,100,101,114,46,80,108,111,116,95,78,48,46,83,101,108,108,80,97,114,116,58,70,105,110,100,70,105,114,115,116,67,104,105,108,100,87,104,105,99,104,73,115,65,40,34,80,114,111,120,105,109,105,116,121,80,114,111,109,112,116,34,44,32,
116,114,117,101,41,13,10,9,9,9,9,9,9,9,9,105,102,32,112,108,111,116,70,111,108,100,101,114,46,80,108,111,116,95,78,48,46,83,101,108,108,80,97,114,116,32,116,104,101,110,13,10,9,9,9,9,9,9,9,9,9,116,97,114,103,101,116,67,70,114,97,109,101,32,61,32,112,108,111,116,70,111,108,100,101,114,46,80,108,111,116,95,78,48,46,83,101,108,108,80,
97,114,116,46,67,70,114,97,109,101,32,43,32,86,101,99,116,111,114,51,46,110,101,119,40,48,44,32,51,44,32,48,41,13,10,9,9,9,9,9,9,9,9,101,110,100,13,10,9,9,9,9,9,9,9,101,110,100,13,10,9,9,9,9,9,9,101,110,100,13,10,9,9,9,9,9,9,13,10,9,9,9,9,9,9,45,45,32,224,184,150,224,185,137,224,184,178,224,185,132,
224,184,161,224,185,136,224,185,128,224,184,136,224,184,173,224,185,131,224,184,153,224,185,129,224,184,155,224,184,165,224,184,135,32,224,185,131,224,184,171,224,185,137,224,184,171,224,184,178,224,184,155,224,184,184,224,185,136,224,184,161,224,184,130,224,184,178,224,184,162,224,184,151,224,184,181,224,185,136,224,185,132,224,184,171,224,184,153,224,184,129,224,185,135,224,185,132,224,184,148,
224,185,137,224,185,131,224,184,153,224,185,129,224,184,161,224,184,158,13,10,9,9,9,9,9,9,105,102,32,110,111,116,32,115,101,108,108,80,114,111,109,112,116,32,111,114,32,110,111,116,32,116,97,114,103,101,116,67,70,114,97,109,101,32,116,104,101,110,13,10,9,9,9,9,9,9,9,102,111,114,32,95,44,32,112,32,105,110,32,105,112,97,105,114,115,40,119,111,114,107,
115,112,97,99,101,58,71,101,116,68,101,115,99,101,110,100,97,110,116,115,40,41,41,32,100,111,13,10,9,9,9,9,9,9,9,9,105,102,32,112,58,73,115,65,40,34,80,114,111,120,105,109,105,116,121,80,114,111,109,112,116,34,41,32,116,104,101,110,13,10,9,9,9,9,9,9,9,9,9,108,111,99,97,108,32,97,84,101,120,116,32,61,32,115,116,114,105,110,103,46,
108,111,119,101,114,40,112,46,65,99,116,105,111,110,84,101,120,116,41,13,10,9,9,9,9,9,9,9,9,9,108,111,99,97,108,32,102,117,108,108,84,120,116,32,61,32,115,116,114,105,110,103,46,108,111,119,101,114,40,112,46,65,99,116,105,111,110,84,101,120,116,32,46,46,32,34,32,34,32,46,46,32,112,46,79,98,106,101,99,116,84,101,120,116,32,46,46,32,34,32,
34,32,46,46,32,112,46,78,97,109,101,41,13,10,9,9,9,9,9,9,9,9,9,105,102,32,97,84,101,120,116,58,102,105,110,100,40,34,115,101,108,108,34,41,32,111,114,32,102,117,108,108,84,120,116,58,102,105,110,100,40,34,224,184,130,224,184,178,224,184,162,34,41,32,116,104,101,110,13,10,9,9,9,9,9,9,9,9,9,9,115,101,108,108,80,114,111,109,112,116,
32,61,32,112,13,10,9,9,9,9,9,9,9,9,9,9,105,102,32,112,46,80,97,114,101,110,116,32,97,110,100,32,112,46,80,97,114,101,110,116,58,73,115,65,40,34,66,97,115,101,80,97,114,116,34,41,32,116,104,101,110,13,10,9,9,9,9,9,9,9,9,9,9,9,116,97,114,103,101,116,67,70,114,97,109,101,32,61,32,112,46,80,97,114,101,110,116,46,67,70,
114,97,109,101,32,43,32,86,101,99,116,111,114,51,46,110,101,119,40,48,44,32,51,44,32,48,41,13,10,9,9,9,9,9,9,9,9,9,9,101,110,100,13,10,9,9,9,9,9,9,9,9,9,9,98,114,101,97,107,13,10,9,9,9,9,9,9,9,9,9,101,110,100,13,10,9,9,9,9,9,9,9,9,101,110,100,13,10,9,9,9,9,9,9,9,101,110,100,13,10,
9,9,9,9,9,9,101,110,100,13,10,9,9,9,9,9,9,13,10,9,9,9,9,9,9,45,45,32,91,224,184,170,224,184,179,224,184,132,224,184,177,224,184,141,93,32,224,184,150,224,185,137,224,184,178,224,184,173,224,184,162,224,184,185,224,185,136,224,185,132,224,184,129,224,184,165,224,185,128,224,184,129,224,184,180,224,184,153,224,185,132,224,184,155,224,184,136,224,184,153,
224,185,129,224,184,161,224,184,158,224,185,132,224,184,161,224,185,136,224,185,130,224,184,171,224,184,165,224,184,148,32,40,83,116,114,101,97,109,105,110,103,69,110,97,98,108,101,100,41,32,224,184,151,224,184,179,224,185,131,224,184,171,224,185,137,224,184,161,224,184,173,224,184,135,224,185,132,224,184,161,224,185,136,224,185,128,224,184,171,224,185,135,224,184,153,224,184,155,224,184,
184,224,185,136,224,184,161,224,184,130,224,184,178,224,184,162,13,10,9,9,9,9,9,9,45,45,32,224,185,131,224,184,171,224,185,137,224,184,154,224,184,177,224,184,135,224,184,132,224,184,177,224,184,154,224,184,167,224,184,178,224,184,163,224,185,140,224,184,155,224,185,132,224,184,155,224,184,171,224,184,178,32,78,80,67,32,224,184,130,224,184,178,224,184,162,224,184,130,224,184,
173,224,184,135,224,184,149,224,184,163,224,184,135,224,184,129,224,184,165,224,184,178,224,184,135,224,185,129,224,184,161,224,184,158,224,185,128,224,184,165,224,184,162,32,224,185,128,224,184,158,224,184,183,224,185,136,224,184,173,224,185,131,224,184,171,224,185,137,224,185,129,224,184,161,224,184,158,224,185,130,224,184,171,224,184,165,224,184,148,13,10,9,9,9,9,9,9,105,102,32,
110,111,116,32,115,101,108,108,80,114,111,109,112,116,32,111,114,32,110,111,116,32,116,97,114,103,101,116,67,70,114,97,109,101,32,116,104,101,110,13,10,9,9,9,9,9,9,9,108,111,99,97,108,32,102,97,108,108,98,97,99,107,80,111,115,32,61,32,86,101,99,116,111,114,51,46,110,101,119,40,50,51,56,46,50,48,49,54,54,48,49,53,54,50,53,44,32,52,46,54,
57,57,57,57,56,56,53,53,53,57,48,56,50,44,32,45,49,55,50,46,55,49,49,51,49,56,57,54,57,55,50,54,53,54,41,13,10,9,9,9,9,9,9,9,104,114,112,46,67,70,114,97,109,101,32,61,32,67,70,114,97,109,101,46,110,101,119,40,102,97,108,108,98,97,99,107,80,111,115,41,32,43,32,86,101,99,116,111,114,51,46,110,101,119,40,48,44,32,51,44,
32,48,41,13,10,9,9,9,9,9,9,9,104,114,112,46,86,101,108,111,99,105,116,121,32,61,32,86,101,99,116,111,114,51,46,110,101,119,40,48,44,32,48,44,32,48,41,13,10,9,9,9,9,9,9,9,116,97,115,107,46,119,97,105,116,40,48,46,53,41,32,45,45,32,224,184,163,224,184,173,224,185,131,224,184,171,224,185,137,224,185,129,224,184,161,224,184,158,224,184,
149,224,184,163,224,184,135,224,184,153,224,184,177,224,185,137,224,184,153,224,185,130,224,184,171,224,184,165,224,184,148,13,10,9,9,9,9,9,9,9,13,10,9,9,9,9,9,9,9,45,45,32,224,184,171,224,184,178,224,184,155,224,184,184,224,185,136,224,184,161,224,184,130,224,184,178,224,184,162,224,184,173,224,184,181,224,184,129,224,184,163,224,184,173,224,184,154,224,184,171,
224,184,165,224,184,177,224,184,135,224,184,136,224,184,178,224,184,129,224,185,129,224,184,161,224,184,158,224,185,130,224,184,171,224,184,165,224,184,148,224,185,129,224,184,165,224,185,137,224,184,167,13,10,9,9,9,9,9,9,9,102,111,114,32,95,44,32,112,32,105,110,32,105,112,97,105,114,115,40,119,111,114,107,115,112,97,99,101,58,71,101,116,68,101,115,99,101,110,100,97,
110,116,115,40,41,41,32,100,111,13,10,9,9,9,9,9,9,9,9,105,102,32,112,58,73,115,65,40,34,80,114,111,120,105,109,105,116,121,80,114,111,109,112,116,34,41,32,116,104,101,110,13,10,9,9,9,9,9,9,9,9,9,108,111,99,97,108,32,97,84,101,120,116,32,61,32,115,116,114,105,110,103,46,108,111,119,101,114,40,112,46,65,99,116,105,111,110,84,101,120,
116,41,13,10,9,9,9,9,9,9,9,9,9,108,111,99,97,108,32,102,117,108,108,84,120,116,32,61,32,115,116,114,105,110,103,46,108,111,119,101,114,40,112,46,65,99,116,105,111,110,84,101,120,116,32,46,46,32,34,32,34,32,46,46,32,112,46,79,98,106,101,99,116,84,101,120,116,32,46,46,32,34,32,34,32,46,46,32,112,46,78,97,109,101,41,13,10,9,9,9,
9,9,9,9,9,9,105,102,32,97,84,101,120,116,58,102,105,110,100,40,34,115,101,108,108,34,41,32,111,114,32,102,117,108,108,84,120,116,58,102,105,110,100,40,34,224,184,130,224,184,178,224,184,162,34,41,32,116,104,101,110,13,10,9,9,9,9,9,9,9,9,9,9,115,101,108,108,80,114,111,109,112,116,32,61,32,112,13,10,9,9,9,9,9,9,9,9,9,9,105,
102,32,112,46,80,97,114,101,110,116,32,97,110,100,32,112,46,80,97,114,101,110,116,58,73,115,65,40,34,66,97,115,101,80,97,114,116,34,41,32,116,104,101,110,13,10,9,9,9,9,9,9,9,9,9,9,9,116,97,114,103,101,116,67,70,114,97,109,101,32,61,32,112,46,80,97,114,101,110,116,46,67,70,114,97,109,101,32,43,32,86,101,99,116,111,114,51,46,110,101,
119,40,48,44,32,51,44,32,48,41,13,10,9,9,9,9,9,9,9,9,9,9,101,110,100,13,10,9,9,9,9,9,9,9,9,9,9,98,114,101,97,107,13,10,9,9,9,9,9,9,9,9,9,101,110,100,13,10,9,9,9,9,9,9,9,9,101,110,100,13,10,9,9,9,9,9,9,9,101,110,100,13,10,9,9,9,9,9,9,101,110,100,13,10,9,9,9,9,9,9,
13,10,9,9,9,9,9,9,105,102,32,115,101,108,108,80,114,111,109,112,116,32,97,110,100,32,116,97,114,103,101,116,67,70,114,97,109,101,32,116,104,101,110,13,10,9,9,9,9,9,9,9,112,99,97,108,108,40,102,117,110,99,116,105,111,110,40,41,13,10,9,9,9,9,9,9,9,9,115,101,108,108,80,114,111,109,112,116,46,82,101,113,117,105,114,101,115,76,105,110,
101,79,102,83,105,103,104,116,32,61,32,102,97,108,115,101,13,10,9,9,9,9,9,9,9,9,115,101,108,108,80,114,111,109,112,116,46,77,97,120,65,99,116,105,118,97,116,105,111,110,68,105,115,116,97,110,99,101,32,61,32,57,57,57,57,57,57,57,13,10,9,9,9,9,9,9,9,9,13,10,9,9,9,9,9,9,9,9,45,45,32,49,46,32,224,184,167,224,184,178,
224,184,163,224,185,140,224,184,155,224,185,132,224,184,155,224,184,151,224,184,181,224,185,136,224,184,136,224,184,184,224,184,148,224,184,130,224,184,178,224,184,162,13,10,9,9,9,9,9,9,9,9,104,114,112,46,67,70,114,97,109,101,32,61,32,116,97,114,103,101,116,67,70,114,97,109,101,13,10,9,9,9,9,9,9,9,9,104,114,112,46,86,101,108,111,99,105,116,121,32,
61,32,86,101,99,116,111,114,51,46,110,101,119,40,48,44,32,48,44,32,48,41,13,10,9,9,9,9,9,9,9,9,116,97,115,107,46,119,97,105,116,40,48,46,51,41,13,10,9,9,9,9,9,9,9,9,13,10,9,9,9,9,9,9,9,9,45,45,32,50,46,32,224,184,167,224,184,153,224,184,130,224,184,178,224,184,162,224,184,151,224,184,181,224,184,165,224,184,176,224,
184,129,224,184,165,224,185,136,224,184,173,224,184,135,224,184,136,224,184,153,224,184,129,224,184,167,224,185,136,224,184,178,224,184,136,224,184,176,224,184,171,224,184,161,224,184,148,13,10,9,9,9,9,9,9,9,9,102,111,114,32,95,44,32,98,111,120,84,111,111,108,32,105,110,32,105,112,97,105,114,115,40,109,121,66,111,120,101,115,41,32,100,111,13,10,9,9,9,9,9,
9,9,9,9,105,102,32,110,111,116,32,103,101,116,103,101,110,118,40,41,46,65,117,116,111,83,101,108,108,66,111,120,32,116,104,101,110,32,98,114,101,97,107,32,101,110,100,13,10,9,9,9,9,9,9,9,9,9,13,10,9,9,9,9,9,9,9,9,9,45,45,32,224,184,150,224,184,183,224,184,173,224,184,129,224,184,165,224,185,136,224,184,173,224,184,135,13,10,9,9,
9,9,9,9,9,9,9,105,102,32,98,111,120,84,111,111,108,46,80,97,114,101,110,116,32,126,61,32,99,104,97,114,97,99,116,101,114,32,116,104,101,110,13,10,9,9,9,9,9,9,9,9,9,9,99,104,97,114,97,99,116,101,114,46,72,117,109,97,110,111,105,100,58,69,113,117,105,112,84,111,111,108,40,98,111,120,84,111,111,108,41,13,10,9,9,9,9,9,9,9,
9,9,9,116,97,115,107,46,119,97,105,116,40,48,46,49,41,13,10,9,9,9,9,9,9,9,9,9,101,110,100,13,10,9,9,9,9,9,9,9,9,9,13,10,9,9,9,9,9,9,9,9,9,45,45,32,224,184,162,224,184,183,224,184,153,224,184,153,224,184,180,224,185,136,224,184,135,224,185,134,32,224,184,173,224,184,162,224,184,185,224,185,136,224,184,129,224,184,177,224,
184,154,224,184,151,224,184,181,224,185,136,32,224,185,129,224,184,165,224,185,137,224,184,167,224,184,163,224,184,177,224,184,167,224,184,130,224,184,178,224,184,162,224,184,129,224,184,165,224,185,136,224,184,173,224,184,135,224,184,153,224,184,181,224,185,137,13,10,9,9,9,9,9,9,9,9,9,108,111,99,97,108,32,116,105,109,101,111,117,116,32,61,32,48,13,10,9,9,9,9,
9,9,9,9,9,119,104,105,108,101,32,98,111,120,84,111,111,108,32,97,110,100,32,98,111,120,84,111,111,108,46,80,97,114,101,110,116,32,61,61,32,99,104,97,114,97,99,116,101,114,32,97,110,100,32,116,105,109,101,111,117,116,32,60,32,51,48,32,100,111,13,10,9,9,9,9,9,9,9,9,9,9,45,45,32,224,184,129,224,184,148,32,69,32,224,184,148,224,185,137,
224,184,167,224,184,162,224,184,132,224,184,181,224,184,162,224,185,140,224,184,154,224,184,173,224,184,163,224,185,140,224,184,148,32,43,32,224,184,162,224,184,180,224,184,135,224,184,132,224,184,179,224,184,170,224,184,177,224,185,136,224,184,135,224,185,128,224,184,130,224,185,137,224,184,178,224,184,155,224,184,184,224,185,136,224,184,161,224,184,149,224,184,163,224,184,135,224,185,134,13,
10,9,9,9,9,9,9,9,9,9,9,118,105,109,58,83,101,110,100,75,101,121,69,118,101,110,116,40,116,114,117,101,44,32,69,110,117,109,46,75,101,121,67,111,100,101,46,69,44,32,102,97,108,115,101,44,32,103,97,109,101,41,13,10,9,9,9,9,9,9,9,9,9,9,102,105,114,101,112,114,111,120,105,109,105,116,121,112,114,111,109,112,116,40,115,101,108,108,80,114,
111,109,112,116,41,13,10,9,9,9,9,9,9,9,9,9,9,116,97,115,107,46,119,97,105,116,40,48,46,48,53,41,13,10,9,9,9,9,9,9,9,9,9,9,118,105,109,58,83,101,110,100,75,101,121,69,118,101,110,116,40,102,97,108,115,101,44,32,69,110,117,109,46,75,101,121,67,111,100,101,46,69,44,32,102,97,108,115,101,44,32,103,97,109,101,41,13,10,9,9,
9,9,9,9,9,9,9,9,13,10,9,9,9,9,9,9,9,9,9,9,116,97,115,107,46,119,97,105,116,40,48,46,48,53,41,13,10,9,9,9,9,9,9,9,9,9,9,116,105,109,101,111,117,116,32,61,32,116,105,109,101,111,117,116,32,43,32,49,13,10,9,9,9,9,9,9,9,9,9,101,110,100,13,10,9,9,9,9,9,9,9,9,101,110,100,13,10,9,9,9,
9,9,9,9,9,13,10,9,9,9,9,9,9,9,9,45,45,32,51,46,32,224,184,158,224,184,173,224,184,129,224,184,165,224,185,136,224,184,173,224,184,135,224,184,171,224,184,161,224,184,148,224,184,132,224,185,136,224,184,173,224,184,162,224,184,167,224,184,178,224,184,155,224,184,129,224,184,165,224,184,177,224,184,154,13,10,9,9,9,9,9,9,9,9,104,114,112,46,67,70,
114,97,109,101,32,61,32,111,114,105,103,105,110,97,108,67,70,114,97,109,101,13,10,9,9,9,9,9,9,9,101,110,100,41,13,10,9,9,9,9,9,9,101,110,100,13,10,9,9,9,9,9,9,116,97,115,107,46,119,97,105,116,40,48,46,50,41,13,10,9,9,9,9,9,101,108,115,101,13,10,9,9,9,9,9,9,45,45,32,224,184,150,224,185,137,224,184,178,224,185,
132,224,184,161,224,185,136,224,184,161,224,184,181,224,184,129,224,184,165,224,185,136,224,184,173,224,184,135,224,185,131,224,184,171,224,185,137,224,184,163,224,184,173,13,10,9,9,9,9,9,9,116,97,115,107,46,119,97,105,116,40,49,41,13,10,9,9,9,9,9,101,110,100,13,10,9,9,9,9,101,110,100,13,10,9,9,9,101,110,100,41,13,10,9,9,101,110,100,13,10,
9,101,110,100,44,13,10,125,41,13,10,108,111,99,97,108,32,65,117,116,111,67,97,114,114,121,83,108,105,100,101,114,32,61,32,77,97,105,110,84,97,98,58,83,108,105,100,101,114,40,123,32,70,108,97,103,32,61,32,34,65,117,116,111,67,97,114,114,121,68,101,108,97,121,77,105,110,117,116,101,115,34,44,13,10,9,78,97,109,101,32,61,32,34,65,117,116,111,32,67,
97,114,114,121,32,68,101,108,97,121,32,40,77,105,110,117,116,101,115,41,34,44,13,10,9,83,116,101,112,32,61,32,49,44,13,10,9,77,105,110,32,61,32,49,44,32,77,97,120,32,61,32,51,48,44,32,68,101,102,97,117,108,116,32,61,32,103,101,116,103,101,110,118,40,41,46,65,117,116,111,67,97,114,114,121,68,101,108,97,121,32,111,114,32,53,44,13,10,9,67,
97,108,108,98,97,99,107,32,61,32,102,117,110,99,116,105,111,110,40,118,97,108,117,101,41,13,10,9,9,103,101,116,103,101,110,118,40,41,46,65,117,116,111,67,97,114,114,121,68,101,108,97,121,32,61,32,118,97,108,117,101,13,10,9,101,110,100,44,13,10,125,41,13,10,108,111,99,97,108,32,80,108,97,121,101,114,115,32,61,32,103,97,109,101,58,71,101,116,83,101,
114,118,105,99,101,40,34,80,108,97,121,101,114,115,34,41,13,10,108,111,99,97,108,32,86,105,114,116,117,97,108,85,115,101,114,32,61,32,103,97,109,101,58,71,101,116,83,101,114,118,105,99,101,40,34,86,105,114,116,117,97,108,85,115,101,114,34,41,13,10,108,111,99,97,108,32,97,110,116,105,65,102,107,67,111,110,110,101,99,116,105,111,110,13,10,103,101,116,103,101,
110,118,40,41,46,65,110,116,105,65,102,107,83,116,97,116,101,32,61,32,102,97,108,115,101,13,10,108,111,99,97,108,32,65,110,116,105,65,102,107,84,111,103,103,108,101,32,61,32,77,97,105,110,84,97,98,58,84,111,103,103,108,101,40,123,32,70,108,97,103,32,61,32,34,65,110,116,105,65,70,75,34,44,13,10,9,78,97,109,101,32,61,32,34,65,110,116,105,32,65,
70,75,34,44,13,10,9,67,97,108,108,98,97,99,107,32,61,32,102,117,110,99,116,105,111,110,40,115,116,97,116,101,41,13,10,9,9,103,101,116,103,101,110,118,40,41,46,65,110,116,105,65,102,107,83,116,97,116,101,32,61,32,115,116,97,116,101,13,10,9,9,105,102,32,115,116,97,116,101,32,116,104,101,110,13,10,9,9,9,97,110,116,105,65,102,107,67,111,110,110,
101,99,116,105,111,110,32,61,32,80,108,97,121,101,114,115,46,76,111,99,97,108,80,108,97,121,101,114,46,73,100,108,101,100,58,67,111,110,110,101,99,116,40,102,117,110,99,116,105,111,110,40,41,13,10,9,9,9,9,86,105,114,116,117,97,108,85,115,101,114,58,67,97,112,116,117,114,101,67,111,110,116,114,111,108,108,101,114,40,41,13,10,9,9,9,9,86,105,114,116,
117,97,108,85,115,101,114,58,67,108,105,99,107,66,117,116,116,111,110,50,40,86,101,99,116,111,114,50,46,110,101,119,40,41,41,13,10,9,9,9,101,110,100,41,13,10,9,9,101,108,115,101,13,10,9,9,9,105,102,32,97,110,116,105,65,102,107,67,111,110,110,101,99,116,105,111,110,32,116,104,101,110,13,10,9,9,9,9,97,110,116,105,65,102,107,67,111,110,110,101,
99,116,105,111,110,58,68,105,115,99,111,110,110,101,99,116,40,41,13,10,9,9,9,9,97,110,116,105,65,102,107,67,111,110,110,101,99,116,105,111,110,32,61,32,110,105,108,13,10,9,9,9,101,110,100,13,10,9,9,101,110,100,13,10,9,101,110,100,44,13,10,125,41,13,10,108,111,99,97,108,32,102,117,110,99,116,105,111,110,32,105,115,66,111,111,115,116,65,99,116,
105,118,101,40,98,111,111,115,116,78,97,109,101,41,13,10,9,108,111,99,97,108,32,80,108,97,121,101,114,71,117,105,32,61,32,103,97,109,101,58,71,101,116,83,101,114,118,105,99,101,40,34,80,108,97,121,101,114,115,34,41,46,76,111,99,97,108,80,108,97,121,101,114,58,70,105,110,100,70,105,114,115,116,67,104,105,108,100,40,34,80,108,97,121,101,114,71,117,105,34,
41,13,10,9,105,102,32,110,111,116,32,80,108,97,121,101,114,71,117,105,32,116,104,101,110,13,10,9,9,114,101,116,117,114,110,32,116,114,117,101,13,10,9,101,110,100,13,10,9,108,111,99,97,108,32,73,110,102,111,71,117,105,32,61,32,80,108,97,121,101,114,71,117,105,58,70,105,110,100,70,105,114,115,116,67,104,105,108,100,40,34,73,110,102,111,71,117,105,34,41,
13,10,9,105,102,32,110,111,116,32,73,110,102,111,71,117,105,32,116,104,101,110,13,10,9,9,114,101,116,117,114,110,32,116,114,117,101,13,10,9,101,110,100,13,10,9,108,111,99,97,108,32,66,111,111,115,116,32,61,32,73,110,102,111,71,117,105,58,70,105,110,100,70,105,114,115,116,67,104,105,108,100,40,34,66,111,111,115,116,34,41,13,10,9,105,102,32,110,111,116,
32,66,111,111,115,116,32,116,104,101,110,13,10,9,9,114,101,116,117,114,110,32,116,114,117,101,13,10,9,101,110,100,13,10,9,108,111,99,97,108,32,66,111,111,115,116,70,114,97,109,101,32,61,32,66,111,111,115,116,58,70,105,110,100,70,105,114,115,116,67,104,105,108,100,40,98,111,111,115,116,78,97,109,101,41,13,10,9,105,102,32,110,111,116,32,66,111,111,115,116,
70,114,97,109,101,32,116,104,101,110,13,10,9,9,114,101,116,117,114,110,32,102,97,108,115,101,13,10,9,101,110,100,13,10,9,105,102,32,110,111,116,32,66,111,111,115,116,70,114,97,109,101,46,86,105,115,105,98,108,101,32,116,104,101,110,13,10,9,9,114,101,116,117,114,110,32,102,97,108,115,101,13,10,9,101,110,100,13,10,9,102,111,114,32,95,44,32,118,32,105,
110,32,105,112,97,105,114,115,40,66,111,111,115,116,70,114,97,109,101,58,71,101,116,68,101,115,99,101,110,100,97,110,116,115,40,41,41,32,100,111,13,10,9,9,105,102,32,118,58,73,115,65,40,34,84,101,120,116,76,97,98,101,108,34,41,32,116,104,101,110,13,10,9,9,9,105,102,32,118,46,84,101,120,116,32,61,61,32,34,48,48,58,48,48,58,48,48,34,32,111,
114,32,118,46,84,101,120,116,32,61,61,32,34,48,48,58,48,48,34,32,116,104,101,110,13,10,9,9,9,9,114,101,116,117,114,110,32,102,97,108,115,101,13,10,9,9,9,101,110,100,13,10,9,9,101,110,100,13,10,9,101,110,100,13,10,9,114,101,116,117,114,110,32,116,114,117,101,13,10,101,110,100,13,10,108,111,99,97,108,32,102,117,110,99,116,105,111,110,32,103,
101,116,80,111,116,105,111,110,65,109,111,117,110,116,40,112,111,116,105,111,110,73,100,41,13,10,9,108,111,99,97,108,32,80,108,97,121,101,114,71,117,105,32,61,32,103,97,109,101,58,71,101,116,83,101,114,118,105,99,101,40,34,80,108,97,121,101,114,115,34,41,46,76,111,99,97,108,80,108,97,121,101,114,58,70,105,110,100,70,105,114,115,116,67,104,105,108,100,40,34,
80,108,97,121,101,114,71,117,105,34,41,13,10,9,105,102,32,110,111,116,32,80,108,97,121,101,114,71,117,105,32,116,104,101,110,13,10,9,9,114,101,116,117,114,110,32,48,13,10,9,101,110,100,13,10,9,108,111,99,97,108,32,71,117,105,77,105,100,32,61,32,80,108,97,121,101,114,71,117,105,58,70,105,110,100,70,105,114,115,116,67,104,105,108,100,40,34,71,117,105,
77,105,100,34,41,13,10,9,105,102,32,110,111,116,32,71,117,105,77,105,100,32,116,104,101,110,13,10,9,9,114,101,116,117,114,110,32,48,13,10,9,101,110,100,13,10,9,108,111,99,97,108,32,73,116,101,109,115,32,61,32,71,117,105,77,105,100,58,70,105,110,100,70,105,114,115,116,67,104,105,108,100,40,34,73,116,101,109,115,34,41,13,10,9,105,102,32,110,111,116,
32,73,116,101,109,115,32,116,104,101,110,13,10,9,9,114,101,116,117,114,110,32,48,13,10,9,101,110,100,13,10,9,108,111,99,97,108,32,73,116,101,109,115,70,114,97,109,101,32,61,32,73,116,101,109,115,58,70,105,110,100,70,105,114,115,116,67,104,105,108,100,40,34,73,116,101,109,115,70,114,97,109,101,34,41,13,10,9,105,102,32,110,111,116,32,73,116,101,109,115,
70,114,97,109,101,32,116,104,101,110,13,10,9,9,114,101,116,117,114,110,32,48,13,10,9,101,110,100,13,10,9,108,111,99,97,108,32,83,99,114,111,108,108,105,110,103,70,114,97,109,101,73,116,101,109,115,32,61,32,73,116,101,109,115,70,114,97,109,101,58,70,105,110,100,70,105,114,115,116,67,104,105,108,100,40,34,83,99,114,111,108,108,105,110,103,70,114,97,109,101,
73,116,101,109,115,34,41,13,10,9,105,102,32,110,111,116,32,83,99,114,111,108,108,105,110,103,70,114,97,109,101,73,116,101,109,115,32,116,104,101,110,13,10,9,9,114,101,116,117,114,110,32,48,13,10,9,101,110,100,13,10,9,108,111,99,97,108,32,79,98,106,101,99,116,70,114,97,109,101,32,61,32,83,99,114,111,108,108,105,110,103,70,114,97,109,101,73,116,101,109,
115,58,70,105,110,100,70,105,114,115,116,67,104,105,108,100,40,34,79,98,106,101,99,116,70,114,97,109,101,95,34,32,46,46,32,112,111,116,105,111,110,73,100,41,13,10,9,105,102,32,110,111,116,32,79,98,106,101,99,116,70,114,97,109,101,32,116,104,101,110,13,10,9,9,114,101,116,117,114,110,32,48,13,10,9,101,110,100,13,10,9,105,102,32,110,111,116,32,79,98,
106,101,99,116,70,114,97,109,101,46,86,105,115,105,98,108,101,32,116,104,101,110,13,10,9,9,114,101,116,117,114,110,32,48,13,10,9,101,110,100,13,10,9,108,111,99,97,108,32,79,98,106,101,99,116,66,117,116,116,111,110,32,61,32,79,98,106,101,99,116,70,114,97,109,101,58,70,105,110,100,70,105,114,115,116,67,104,105,108,100,40,34,79,98,106,101,99,116,66,117,
116,116,111,110,34,41,13,10,9,105,102,32,110,111,116,32,79,98,106,101,99,116,66,117,116,116,111,110,32,116,104,101,110,13,10,9,9,114,101,116,117,114,110,32,48,13,10,9,101,110,100,13,10,9,108,111,99,97,108,32,81,117,97,110,116,105,116,121,32,61,32,79,98,106,101,99,116,66,117,116,116,111,110,58,70,105,110,100,70,105,114,115,116,67,104,105,108,100,40,34,
81,117,97,110,116,105,116,121,34,41,13,10,9,105,102,32,110,111,116,32,81,117,97,110,116,105,116,121,32,111,114,32,110,111,116,32,81,117,97,110,116,105,116,121,58,73,115,65,40,34,84,101,120,116,76,97,98,101,108,34,41,32,116,104,101,110,13,10,9,9,114,101,116,117,114,110,32,48,13,10,9,101,110,100,13,10,9,108,111,99,97,108,32,97,109,111,117,110,116,83,
116,114,32,61,32,81,117,97,110,116,105,116,121,46,84,101,120,116,58,103,115,117,98,40,34,120,34,44,32,34,34,41,13,10,9,114,101,116,117,114,110,32,116,111,110,117,109,98,101,114,40,97,109,111,117,110,116,83,116,114,41,32,111,114,32,48,13,10,101,110,100,13,10,13,10,108,111,99,97,108,32,80,111,116,105,111,110,84,97,98,32,61,32,77,97,105,110,80,97,103,
101,58,83,101,99,116,105,111,110,40,123,78,97,109,101,32,61,32,34,80,111,116,105,111,110,115,34,44,32,83,105,100,101,32,61,32,50,125,41,13,10,108,111,99,97,108,32,102,117,110,99,116,105,111,110,32,115,101,116,117,112,80,111,116,105,111,110,84,111,103,103,108,101,40,116,105,116,108,101,44,32,98,111,111,115,116,78,97,109,101,44,32,105,116,101,109,73,100,80,114,
101,102,105,120,41,13,10,9,108,111,99,97,108,32,103,101,110,118,78,97,109,101,32,61,32,34,65,117,116,111,85,115,101,34,32,46,46,32,116,105,116,108,101,13,10,9,103,101,116,103,101,110,118,40,41,91,103,101,110,118,78,97,109,101,93,32,61,32,102,97,108,115,101,13,10,9,80,111,116,105,111,110,84,97,98,58,84,111,103,103,108,101,40,123,32,70,108,97,103,32,
61,32,34,65,117,116,111,85,115,101,34,32,46,46,32,116,105,116,108,101,44,13,10,9,9,78,97,109,101,32,61,32,34,65,117,116,111,32,85,115,101,32,34,32,46,46,32,116,105,116,108,101,32,46,46,32,34,32,80,111,116,105,111,110,34,44,13,10,9,9,68,101,102,97,117,108,116,32,61,32,103,101,116,103,101,110,118,40,41,91,103,101,110,118,78,97,109,101,93,44,
13,10,9,9,67,97,108,108,98,97,99,107,32,61,32,102,117,110,99,116,105,111,110,40,115,116,97,116,101,41,13,10,9,9,9,103,101,116,103,101,110,118,40,41,91,103,101,110,118,78,97,109,101,93,32,61,32,115,116,97,116,101,13,10,9,9,9,105,102,32,115,116,97,116,101,32,116,104,101,110,13,10,9,9,9,9,116,97,115,107,46,115,112,97,119,110,40,102,117,110,
99,116,105,111,110,40,41,13,10,9,9,9,9,9,108,111,99,97,108,32,82,101,109,111,116,101,115,32,61,32,103,97,109,101,58,71,101,116,83,101,114,118,105,99,101,40,34,82,101,112,108,105,99,97,116,101,100,83,116,111,114,97,103,101,34,41,58,87,97,105,116,70,111,114,67,104,105,108,100,40,34,82,101,109,111,116,101,115,34,44,32,53,41,13,10,9,9,9,9,9,
108,111,99,97,108,32,73,116,101,109,115,82,69,32,61,32,82,101,109,111,116,101,115,32,97,110,100,32,82,101,109,111,116,101,115,58,87,97,105,116,70,111,114,67,104,105,108,100,40,34,73,116,101,109,115,82,69,34,44,32,53,41,13,10,9,9,9,9,9,105,102,32,110,111,116,32,73,116,101,109,115,82,69,32,116,104,101,110,13,10,9,9,9,9,9,9,114,101,116,117,
114,110,13,10,9,9,9,9,9,101,110,100,13,10,9,9,9,9,9,119,104,105,108,101,32,103,101,116,103,101,110,118,40,41,91,103,101,110,118,78,97,109,101,93,32,100,111,13,10,9,9,9,9,9,9,105,102,32,110,111,116,32,105,115,66,111,111,115,116,65,99,116,105,118,101,40,98,111,111,115,116,78,97,109,101,41,32,116,104,101,110,13,10,9,9,9,9,9,9,9,
108,111,99,97,108,32,97,109,116,49,32,61,32,103,101,116,80,111,116,105,111,110,65,109,111,117,110,116,40,105,116,101,109,73,100,80,114,101,102,105,120,32,46,46,32,34,49,34,41,13,10,9,9,9,9,9,9,9,108,111,99,97,108,32,97,109,116,50,32,61,32,103,101,116,80,111,116,105,111,110,65,109,111,117,110,116,40,105,116,101,109,73,100,80,114,101,102,105,120,32,
46,46,32,34,50,34,41,13,10,9,9,9,9,9,9,9,108,111,99,97,108,32,97,109,116,51,32,61,32,103,101,116,80,111,116,105,111,110,65,109,111,117,110,116,40,105,116,101,109,73,100,80,114,101,102,105,120,32,46,46,32,34,51,34,41,13,10,9,9,9,9,9,9,9,105,102,32,76,105,98,114,97,114,121,32,97,110,100,32,76,105,98,114,97,114,121,46,78,111,116,
105,102,105,99,97,116,105,111,110,32,116,104,101,110,13,10,9,9,9,9,9,9,9,9,76,105,98,114,97,114,121,58,78,111,116,105,102,105,99,97,116,105,111,110,40,123,13,10,9,9,9,9,9,9,9,9,9,84,105,116,108,101,32,61,32,116,105,116,108,101,32,46,46,32,34,32,73,110,118,101,110,116,111,114,121,32,67,104,101,99,107,34,44,13,10,9,9,9,9,9,
9,9,9,9,68,101,115,99,114,105,112,116,105,111,110,32,61,32,115,116,114,105,110,103,46,102,111,114,109,97,116,40,34,82,101,109,97,105,110,105,110,103,32,45,32,73,73,73,58,32,37,100,32,124,32,73,73,58,32,37,100,32,124,32,73,58,32,37,100,34,44,32,97,109,116,51,44,32,97,109,116,50,44,32,97,109,116,49,41,44,13,10,9,9,9,9,9,9,9,9,
9,68,117,114,97,116,105,111,110,32,61,32,51,44,32,73,99,111,110,32,61,32,34,56,53,50,55,57,55,52,54,53,49,53,57,55,52,34,125,41,13,10,9,9,9,9,9,9,9,101,110,100,13,10,9,9,9,9,9,9,9,105,102,32,97,109,116,51,32,62,32,48,32,116,104,101,110,13,10,9,9,9,9,9,9,9,9,73,116,101,109,115,82,69,58,70,105,114,101,83,
101,114,118,101,114,40,13,10,9,9,9,9,9,9,9,9,9,34,85,115,101,73,116,101,109,34,44,13,10,9,9,9,9,9,9,9,9,9,123,32,73,116,101,109,73,100,32,61,32,105,116,101,109,73,100,80,114,101,102,105,120,32,46,46,32,34,51,34,44,32,65,109,111,117,110,116,32,61,32,109,97,116,104,46,109,105,110,40,53,44,32,97,109,116,51,41,32,125,13,10,
9,9,9,9,9,9,9,9,41,13,10,9,9,9,9,9,9,9,101,108,115,101,105,102,32,97,109,116,50,32,62,32,48,32,116,104,101,110,13,10,9,9,9,9,9,9,9,9,73,116,101,109,115,82,69,58,70,105,114,101,83,101,114,118,101,114,40,13,10,9,9,9,9,9,9,9,9,9,34,85,115,101,73,116,101,109,34,44,13,10,9,9,9,9,9,9,9,9,9,123,
32,73,116,101,109,73,100,32,61,32,105,116,101,109,73,100,80,114,101,102,105,120,32,46,46,32,34,50,34,44,32,65,109,111,117,110,116,32,61,32,109,97,116,104,46,109,105,110,40,53,44,32,97,109,116,50,41,32,125,13,10,9,9,9,9,9,9,9,9,41,13,10,9,9,9,9,9,9,9,101,108,115,101,105,102,32,97,109,116,49,32,62,32,48,32,116,104,101,110,13,
10,9,9,9,9,9,9,9,9,73,116,101,109,115,82,69,58,70,105,114,101,83,101,114,118,101,114,40,13,10,9,9,9,9,9,9,9,9,9,34,85,115,101,73,116,101,109,34,44,13,10,9,9,9,9,9,9,9,9,9,123,32,73,116,101,109,73,100,32,61,32,105,116,101,109,73,100,80,114,101,102,105,120,32,46,46,32,34,49,34,44,32,65,109,111,117,110,116,32,61,
32,109,97,116,104,46,109,105,110,40,53,44,32,97,109,116,49,41,32,125,13,10,9,9,9,9,9,9,9,9,41,13,10,9,9,9,9,9,9,9,101,110,100,13,10,9,9,9,9,9,9,101,110,100,13,10,9,9,9,9,9,9,116,97,115,107,46,119,97,105,116,40,50,41,13,10,9,9,9,9,9,101,110,100,13,10,9,9,9,9,101,110,100,41,13,10,9,9,9,101,
110,100,13,10,9,9,101,110,100,44,13,10,9,125,41,13,10,101,110,100,13,10,115,101,116,117,112,80,111,116,105,111,110,84,111,103,103,108,101,40,34,76,117,99,107,34,44,32,34,80,111,116,105,111,110,76,117,99,107,34,44,32,34,76,117,99,107,80,111,116,105,111,110,34,41,13,10,115,101,116,117,112,80,111,116,105,111,110,84,111,103,103,108,101,40,34,67,97,115,104,
34,44,32,34,80,111,116,105,111,110,67,97,115,104,34,44,32,34,67,97,115,104,80,111,116,105,111,110,34,41,13,10,115,101,116,117,112,80,111,116,105,111,110,84,111,103,103,108,101,40,34,77,117,116,97,116,105,111,110,34,44,32,34,80,111,116,105,111,110,77,117,116,97,116,105,111,110,34,44,32,34,77,117,116,97,116,105,111,110,80,111,116,105,111,110,34,41,13,10,115,
101,116,117,112,80,111,116,105,111,110,84,111,103,103,108,101,40,34,80,114,111,100,117,99,116,105,111,110,34,44,32,34,80,111,116,105,111,110,80,114,111,100,117,99,116,105,111,110,34,44,32,34,80,114,111,100,117,99,116,105,111,110,80,111,116,105,111,110,34,41,13,10,108,111,99,97,108,32,82,97,105,100,84,97,98,32,61,32,77,97,105,110,80,97,103,101,58,83,101,99,
116,105,111,110,40,123,78,97,109,101,32,61,32,34,82,97,105,100,32,38,32,84,111,119,101,114,34,44,32,83,105,100,101,32,61,32,49,125,41,13,10,108,111,99,97,108,32,84,114,97,100,101,84,97,98,32,61,32,77,97,105,110,80,97,103,101,58,83,101,99,116,105,111,110,40,123,78,97,109,101,32,61,32,34,84,114,97,100,101,34,44,32,83,105,100,101,32,61,32,50,
125,41,13,10,103,101,116,103,101,110,118,40,41,46,65,117,116,111,84,111,119,101,114,32,61,32,102,97,108,115,101,13,10,108,111,99,97,108,32,65,117,116,111,84,111,119,101,114,84,111,103,103,108,101,32,61,32,82,97,105,100,84,97,98,58,84,111,103,103,108,101,40,123,32,70,108,97,103,32,61,32,34,65,117,116,111,73,110,102,105,110,105,116,121,84,111,119,101,114,34,
44,13,10,9,78,97,109,101,32,61,32,34,65,117,116,111,32,73,110,102,105,110,105,116,121,32,84,111,119,101,114,34,44,13,10,9,68,101,102,97,117,108,116,32,61,32,103,101,116,103,101,110,118,40,41,46,65,117,116,111,84,111,119,101,114,44,13,10,9,67,97,108,108,98,97,99,107,32,61,32,102,117,110,99,116,105,111,110,40,115,116,97,116,101,41,13,10,9,9,103,
101,116,103,101,110,118,40,41,46,65,117,116,111,84,111,119,101,114,32,61,32,115,116,97,116,101,13,10,9,9,105,102,32,110,111,116,32,115,116,97,116,101,32,116,104,101,110,13,10,9,9,9,108,111,99,97,108,32,99,97,109,32,61,32,119,111,114,107,115,112,97,99,101,46,67,117,114,114,101,110,116,67,97,109,101,114,97,13,10,9,9,9,108,111,99,97,108,32,99,104,
97,114,97,99,116,101,114,32,61,32,103,97,109,101,58,71,101,116,83,101,114,118,105,99,101,40,34,80,108,97,121,101,114,115,34,41,46,76,111,99,97,108,80,108,97,121,101,114,46,67,104,97,114,97,99,116,101,114,13,10,9,9,9,105,102,32,99,97,109,32,97,110,100,32,103,101,116,103,101,110,118,40,41,46,84,111,119,101,114,83,97,118,101,100,67,97,109,67,70,32,
116,104,101,110,13,10,9,9,9,9,99,97,109,46,67,97,109,101,114,97,84,121,112,101,32,61,32,69,110,117,109,46,67,97,109,101,114,97,84,121,112,101,46,67,117,115,116,111,109,13,10,9,9,9,9,105,102,32,99,104,97,114,97,99,116,101,114,32,97,110,100,32,99,104,97,114,97,99,116,101,114,58,70,105,110,100,70,105,114,115,116,67,104,105,108,100,40,34,72,117,
109,97,110,111,105,100,34,41,32,116,104,101,110,13,10,9,9,9,9,9,99,97,109,46,67,97,109,101,114,97,83,117,98,106,101,99,116,32,61,32,99,104,97,114,97,99,116,101,114,46,72,117,109,97,110,111,105,100,13,10,9,9,9,9,101,110,100,13,10,9,9,9,9,103,101,116,103,101,110,118,40,41,46,84,111,119,101,114,83,97,118,101,100,67,97,109,67,70,32,61,
32,110,105,108,13,10,9,9,9,101,110,100,13,10,9,9,9,105,102,32,103,101,116,103,101,110,118,40,41,46,84,111,119,101,114,79,114,105,103,105,110,97,108,67,70,114,97,109,101,32,97,110,100,32,99,104,97,114,97,99,116,101,114,32,116,104,101,110,13,10,9,9,9,9,99,104,97,114,97,99,116,101,114,58,80,105,118,111,116,84,111,40,103,101,116,103,101,110,118,40,
41,46,84,111,119,101,114,79,114,105,103,105,110,97,108,67,70,114,97,109,101,41,13,10,9,9,9,9,103,101,116,103,101,110,118,40,41,46,84,111,119,101,114,79,114,105,103,105,110,97,108,67,70,114,97,109,101,32,61,32,110,105,108,13,10,9,9,9,101,110,100,13,10,9,9,101,110,100,13,10,9,9,105,102,32,115,116,97,116,101,32,116,104,101,110,13,10,9,9,9,
116,97,115,107,46,115,112,97,119,110,40,102,117,110,99,116,105,111,110,40,41,13,10,9,9,9,9,119,104,105,108,101,32,103,101,116,103,101,110,118,40,41,46,65,117,116,111,84,111,119,101,114,32,100,111,13,10,9,9,9,9,9,108,111,99,97,108,32,112,108,97,121,101,114,71,117,105,32,61,32,103,97,109,101,58,71,101,116,83,101,114,118,105,99,101,40,34,80,108,97,
121,101,114,115,34,41,46,76,111,99,97,108,80,108,97,121,101,114,58,70,105,110,100,70,105,114,115,116,67,104,105,108,100,40,34,80,108,97,121,101,114,71,117,105,34,41,13,10,9,9,9,9,9,105,102,32,112,108,97,121,101,114,71,117,105,32,116,104,101,110,13,10,9,9,9,9,9,9,108,111,99,97,108,32,101,113,117,105,112,66,116,110,44,32,98,97,116,116,108,101,
66,116,110,44,32,110,101,120,116,66,116,110,44,32,112,108,97,121,66,116,110,44,32,111,112,101,110,66,116,110,44,32,97,117,116,111,82,101,112,108,97,121,66,116,110,44,32,104,105,100,101,66,97,116,116,108,101,66,116,110,44,32,115,104,111,119,66,97,116,116,108,101,66,116,110,13,10,9,9,9,9,9,9,108,111,99,97,108,32,102,117,110,99,116,105,111,110,32,105,115,
71,117,105,86,105,115,105,98,108,101,40,103,117,105,41,13,10,9,9,9,9,9,9,9,105,102,32,110,111,116,32,103,117,105,32,116,104,101,110,13,10,9,9,9,9,9,9,9,9,114,101,116,117,114,110,32,102,97,108,115,101,13,10,9,9,9,9,9,9,9,101,110,100,13,10,9,9,9,9,9,9,9,105,102,32,103,117,105,58,73,115,65,40,34,71,117,105,79,98,106,
101,99,116,34,41,32,97,110,100,32,110,111,116,32,103,117,105,46,86,105,115,105,98,108,101,32,116,104,101,110,13,10,9,9,9,9,9,9,9,9,114,101,116,117,114,110,32,102,97,108,115,101,13,10,9,9,9,9,9,9,9,101,110,100,13,10,9,9,9,9,9,9,9,108,111,99,97,108,32,99,117,114,114,101,110,116,32,61,32,103,117,105,46,80,97,114,101,110,116,13,
10,9,9,9,9,9,9,9,119,104,105,108,101,32,99,117,114,114,101,110,116,32,97,110,100,32,99,117,114,114,101,110,116,58,73,115,65,40,34,71,117,105,79,98,106,101,99,116,34,41,32,100,111,13,10,9,9,9,9,9,9,9,9,105,102,32,110,111,116,32,99,117,114,114,101,110,116,46,86,105,115,105,98,108,101,32,116,104,101,110,13,10,9,9,9,9,9,9,9,9,
9,114,101,116,117,114,110,32,102,97,108,115,101,13,10,9,9,9,9,9,9,9,9,101,110,100,13,10,9,9,9,9,9,9,9,9,99,117,114,114,101,110,116,32,61,32,99,117,114,114,101,110,116,46,80,97,114,101,110,116,13,10,9,9,9,9,9,9,9,101,110,100,13,10,9,9,9,9,9,9,9,105,102,32,99,117,114,114,101,110,116,32,97,110,100,32,99,117,114,114,
101,110,116,58,73,115,65,40,34,83,99,114,101,101,110,71,117,105,34,41,32,116,104,101,110,13,10,9,9,9,9,9,9,9,9,114,101,116,117,114,110,32,99,117,114,114,101,110,116,46,69,110,97,98,108,101,100,13,10,9,9,9,9,9,9,9,101,110,100,13,10,9,9,9,9,9,9,9,114,101,116,117,114,110,32,116,114,117,101,13,10,9,9,9,9,9,9,101,110,100,
13,10,9,9,9,9,9,9,102,111,114,32,95,44,32,118,32,105,110,32,105,112,97,105,114,115,40,112,108,97,121,101,114,71,117,105,58,71,101,116,68,101,115,99,101,110,100,97,110,116,115,40,41,41,32,100,111,13,10,9,9,9,9,9,9,9,105,102,32,40,118,58,73,115,65,40,34,84,101,120,116,66,117,116,116,111,110,34,41,32,111,114,32,118,58,73,115,65,40,34,
84,101,120,116,76,97,98,101,108,34,41,41,32,97,110,100,32,118,46,84,101,120,116,32,116,104,101,110,13,10,9,9,9,9,9,9,9,9,108,111,99,97,108,32,116,101,120,116,32,61,32,115,116,114,105,110,103,46,117,112,112,101,114,40,115,116,114,105,110,103,46,109,97,116,99,104,40,118,46,84,101,120,116,44,32,34,94,37,115,42,40,46,45,41,37,115,42,36,34,41,
32,111,114,32,34,34,41,13,10,9,9,9,9,9,9,9,9,105,102,32,116,101,120,116,32,61,61,32,34,69,81,85,73,80,32,66,69,83,84,34,32,116,104,101,110,13,10,9,9,9,9,9,9,9,9,9,108,111,99,97,108,32,98,116,110,32,61,32,118,58,73,115,65,40,34,84,101,120,116,66,117,116,116,111,110,34,41,32,97,110,100,32,118,13,10,9,9,9,9,9,
9,9,9,9,9,111,114,32,118,58,70,105,110,100,70,105,114,115,116,65,110,99,101,115,116,111,114,87,104,105,99,104,73,115,65,40,34,84,101,120,116,66,117,116,116,111,110,34,41,13,10,9,9,9,9,9,9,9,9,9,9,111,114,32,118,58,70,105,110,100,70,105,114,115,116,65,110,99,101,115,116,111,114,87,104,105,99,104,73,115,65,40,34,73,109,97,103,101,66,117,
116,116,111,110,34,41,13,10,9,9,9,9,9,9,9,9,9,105,102,32,98,116,110,32,97,110,100,32,105,115,71,117,105,86,105,115,105,98,108,101,40,98,116,110,41,32,116,104,101,110,13,10,9,9,9,9,9,9,9,9,9,9,101,113,117,105,112,66,116,110,32,61,32,98,116,110,13,10,9,9,9,9,9,9,9,9,9,101,110,100,13,10,9,9,9,9,9,9,9,9,
101,108,115,101,105,102,32,116,101,120,116,32,61,61,32,34,66,65,84,84,76,69,34,32,116,104,101,110,13,10,9,9,9,9,9,9,9,9,9,108,111,99,97,108,32,98,116,110,32,61,32,118,58,73,115,65,40,34,84,101,120,116,66,117,116,116,111,110,34,41,32,97,110,100,32,118,13,10,9,9,9,9,9,9,9,9,9,9,111,114,32,118,58,70,105,110,100,70,105,114,
115,116,65,110,99,101,115,116,111,114,87,104,105,99,104,73,115,65,40,34,84,101,120,116,66,117,116,116,111,110,34,41,13,10,9,9,9,9,9,9,9,9,9,9,111,114,32,118,58,70,105,110,100,70,105,114,115,116,65,110,99,101,115,116,111,114,87,104,105,99,104,73,115,65,40,34,73,109,97,103,101,66,117,116,116,111,110,34,41,13,10,9,9,9,9,9,9,9,9,9,
105,102,32,98,116,110,32,97,110,100,32,105,115,71,117,105,86,105,115,105,98,108,101,40,98,116,110,41,32,116,104,101,110,13,10,9,9,9,9,9,9,9,9,9,9,98,97,116,116,108,101,66,116,110,32,61,32,98,116,110,13,10,9,9,9,9,9,9,9,9,9,101,110,100,13,10,9,9,9,9,9,9,9,9,101,108,115,101,105,102,32,116,101,120,116,32,61,61,32,34,
78,69,88,84,34,32,111,114,32,116,101,120,116,32,61,61,32,34,78,69,88,84,32,70,76,79,79,82,34,32,116,104,101,110,13,10,9,9,9,9,9,9,9,9,9,108,111,99,97,108,32,98,116,110,32,61,32,118,58,73,115,65,40,34,84,101,120,116,66,117,116,116,111,110,34,41,32,97,110,100,32,118,13,10,9,9,9,9,9,9,9,9,9,9,111,114,32,118,58,70,
105,110,100,70,105,114,115,116,65,110,99,101,115,116,111,114,87,104,105,99,104,73,115,65,40,34,84,101,120,116,66,117,116,116,111,110,34,41,13,10,9,9,9,9,9,9,9,9,9,9,111,114,32,118,58,70,105,110,100,70,105,114,115,116,65,110,99,101,115,116,111,114,87,104,105,99,104,73,115,65,40,34,73,109,97,103,101,66,117,116,116,111,110,34,41,13,10,9,9,9,
9,9,9,9,9,9,105,102,32,98,116,110,32,97,110,100,32,105,115,71,117,105,86,105,115,105,98,108,101,40,98,116,110,41,32,116,104,101,110,13,10,9,9,9,9,9,9,9,9,9,9,110,101,120,116,66,116,110,32,61,32,98,116,110,13,10,9,9,9,9,9,9,9,9,9,101,110,100,13,10,9,9,9,9,9,9,9,9,101,108,115,101,105,102,32,116,101,120,116,32,
61,61,32,34,80,76,65,89,34,32,116,104,101,110,13,10,9,9,9,9,9,9,9,9,9,108,111,99,97,108,32,98,116,110,32,61,32,118,58,73,115,65,40,34,84,101,120,116,66,117,116,116,111,110,34,41,32,97,110,100,32,118,13,10,9,9,9,9,9,9,9,9,9,9,111,114,32,118,58,70,105,110,100,70,105,114,115,116,65,110,99,101,115,116,111,114,87,104,105,99,
104,73,115,65,40,34,84,101,120,116,66,117,116,116,111,110,34,41,13,10,9,9,9,9,9,9,9,9,9,9,111,114,32,118,58,70,105,110,100,70,105,114,115,116,65,110,99,101,115,116,111,114,87,104,105,99,104,73,115,65,40,34,73,109,97,103,101,66,117,116,116,111,110,34,41,13,10,9,9,9,9,9,9,9,9,9,105,102,32,98,116,110,32,97,110,100,32,105,115,71,
117,105,86,105,115,105,98,108,101,40,98,116,110,41,32,116,104,101,110,13,10,9,9,9,9,9,9,9,9,9,9,112,108,97,121,66,116,110,32,61,32,98,116,110,13,10,9,9,9,9,9,9,9,9,9,101,110,100,13,10,9,9,9,9,9,9,9,9,101,108,115,101,105,102,32,116,101,120,116,32,61,61,32,34,65,85,84,79,32,82,69,80,76,65,89,34,32,116,104,101,
110,13,10,9,9,9,9,9,9,9,9,9,108,111,99,97,108,32,98,116,110,32,61,32,118,58,73,115,65,40,34,84,101,120,116,66,117,116,116,111,110,34,41,32,97,110,100,32,118,13,10,9,9,9,9,9,9,9,9,9,9,111,114,32,118,58,70,105,110,100,70,105,114,115,116,65,110,99,101,115,116,111,114,87,104,105,99,104,73,115,65,40,34,84,101,120,116,66,117,116,
116,111,110,34,41,13,10,9,9,9,9,9,9,9,9,9,9,111,114,32,118,58,70,105,110,100,70,105,114,115,116,65,110,99,101,115,116,111,114,87,104,105,99,104,73,115,65,40,34,73,109,97,103,101,66,117,116,116,111,110,34,41,13,10,9,9,9,9,9,9,9,9,9,105,102,32,98,116,110,32,97,110,100,32,105,115,71,117,105,86,105,115,105,98,108,101,40,98,116,110,
41,32,116,104,101,110,13,10,9,9,9,9,9,9,9,9,9,9,97,117,116,111,82,101,112,108,97,121,66,116,110,32,61,32,98,116,110,13,10,9,9,9,9,9,9,9,9,9,101,110,100,13,10,9,9,9,9,9,9,9,9,101,108,115,101,105,102,32,116,101,120,116,32,61,61,32,34,72,73,68,69,32,66,65,84,84,76,69,34,32,116,104,101,110,13,10,9,9,9,9,
9,9,9,9,9,108,111,99,97,108,32,98,116,110,32,61,32,118,58,73,115,65,40,34,84,101,120,116,66,117,116,116,111,110,34,41,32,97,110,100,32,118,13,10,9,9,9,9,9,9,9,9,9,9,111,114,32,118,58,70,105,110,100,70,105,114,115,116,65,110,99,101,115,116,111,114,87,104,105,99,104,73,115,65,40,34,84,101,120,116,66,117,116,116,111,110,34,41,13,10,
9,9,9,9,9,9,9,9,9,9,111,114,32,118,58,70,105,110,100,70,105,114,115,116,65,110,99,101,115,116,111,114,87,104,105,99,104,73,115,65,40,34,73,109,97,103,101,66,117,116,116,111,110,34,41,13,10,9,9,9,9,9,9,9,9,9,105,102,32,98,116,110,32,97,110,100,32,105,115,71,117,105,86,105,115,105,98,108,101,40,98,116,110,41,32,116,104,101,110,13,
10,9,9,9,9,9,9,9,9,9,9,104,105,100,101,66,97,116,116,108,101,66,116,110,32,61,32,98,116,110,13,10,9,9,9,9,9,9,9,9,9,101,110,100,13,10,9,9,9,9,9,9,9,9,101,108,115,101,105,102,32,116,101,120,116,32,61,61,32,34,83,72,79,87,32,66,65,84,84,76,69,34,32,116,104,101,110,13,10,9,9,9,9,9,9,9,9,9,108,111,
99,97,108,32,98,116,110,32,61,32,118,58,73,115,65,40,34,84,101,120,116,66,117,116,116,111,110,34,41,32,97,110,100,32,118,13,10,9,9,9,9,9,9,9,9,9,9,111,114,32,118,58,70,105,110,100,70,105,114,115,116,65,110,99,101,115,116,111,114,87,104,105,99,104,73,115,65,40,34,84,101,120,116,66,117,116,116,111,110,34,41,13,10,9,9,9,9,9,9,9,
9,9,9,111,114,32,118,58,70,105,110,100,70,105,114,115,116,65,110,99,101,115,116,111,114,87,104,105,99,104,73,115,65,40,34,73,109,97,103,101,66,117,116,116,111,110,34,41,13,10,9,9,9,9,9,9,9,9,9,105,102,32,98,116,110,32,97,110,100,32,105,115,71,117,105,86,105,115,105,98,108,101,40,98,116,110,41,32,116,104,101,110,13,10,9,9,9,9,9,9,
9,9,9,9,115,104,111,119,66,97,116,116,108,101,66,116,110,32,61,32,98,116,110,13,10,9,9,9,9,9,9,9,9,9,101,110,100,13,10,9,9,9,9,9,9,9,9,101,108,115,101,105,102,32,115,116,114,105,110,103,46,102,105,110,100,40,116,101,120,116,44,32,34,79,80,69,78,32,73,78,70,73,78,73,84,89,32,84,79,87,69,82,34,41,32,116,104,101,110,13,
10,9,9,9,9,9,9,9,9,9,108,111,99,97,108,32,98,116,110,32,61,32,118,58,73,115,65,40,34,84,101,120,116,66,117,116,116,111,110,34,41,32,97,110,100,32,118,13,10,9,9,9,9,9,9,9,9,9,9,111,114,32,118,58,70,105,110,100,70,105,114,115,116,65,110,99,101,115,116,111,114,87,104,105,99,104,73,115,65,40,34,84,101,120,116,66,117,116,116,111,
110,34,41,13,10,9,9,9,9,9,9,9,9,9,9,111,114,32,118,58,70,105,110,100,70,105,114,115,116,65,110,99,101,115,116,111,114,87,104,105,99,104,73,115,65,40,34,73,109,97,103,101,66,117,116,116,111,110,34,41,13,10,9,9,9,9,9,9,9,9,9,105,102,32,98,116,110,32,116,104,101,110,13,10,9,9,9,9,9,9,9,9,9,9,111,112,101,110,66,116,
110,32,61,32,98,116,110,13,10,9,9,9,9,9,9,9,9,9,101,110,100,13,10,9,9,9,9,9,9,9,9,101,110,100,13,10,9,9,9,9,9,9,9,101,110,100,13,10,9,9,9,9,9,9,101,110,100,13,10,9,9,9,9,9,9,108,111,99,97,108,32,111,112,101,110,80,114,111,109,112,116,13,10,9,9,9,9,9,9,102,111,114,32,95,44,32,112,32,105,110,
32,105,112,97,105,114,115,40,119,111,114,107,115,112,97,99,101,58,71,101,116,68,101,115,99,101,110,100,97,110,116,115,40,41,41,32,100,111,13,10,9,9,9,9,9,9,9,105,102,32,112,58,73,115,65,40,34,80,114,111,120,105,109,105,116,121,80,114,111,109,112,116,34,41,32,116,104,101,110,13,10,9,9,9,9,9,9,9,9,108,111,99,97,108,32,112,84,101,120,116,
32,61,32,115,116,114,105,110,103,46,117,112,112,101,114,40,112,46,65,99,116,105,111,110,84,101,120,116,32,46,46,32,34,32,34,32,46,46,32,112,46,79,98,106,101,99,116,84,101,120,116,41,13,10,9,9,9,9,9,9,9,9,105,102,13,10,9,9,9,9,9,9,9,9,9,115,116,114,105,110,103,46,102,105,110,100,40,112,84,101,120,116,44,32,34,79,80,69,78,32,
73,78,70,73,78,73,84,89,32,84,79,87,69,82,34,41,32,111,114,32,115,116,114,105,110,103,46,102,105,110,100,40,112,84,101,120,116,44,32,34,73,78,70,73,78,73,84,89,32,84,79,87,69,82,34,41,13,10,9,9,9,9,9,9,9,9,116,104,101,110,13,10,9,9,9,9,9,9,9,9,9,111,112,101,110,80,114,111,109,112,116,32,61,32,112,13,10,9,9,9,
9,9,9,9,9,9,98,114,101,97,107,13,10,9,9,9,9,9,9,9,9,101,110,100,13,10,9,9,9,9,9,9,9,101,110,100,13,10,9,9,9,9,9,9,101,110,100,13,10,9,9,9,9,9,9,108,111,99,97,108,32,102,117,110,99,116,105,111,110,32,102,105,114,101,66,117,116,116,111,110,40,98,116,110,41,13,10,9,9,9,9,9,9,9,105,102,32,110,111,116,
32,98,116,110,32,116,104,101,110,13,10,9,9,9,9,9,9,9,9,114,101,116,117,114,110,13,10,9,9,9,9,9,9,9,101,110,100,13,10,9,9,9,9,9,9,9,112,99,97,108,108,40,102,117,110,99,116,105,111,110,40,41,13,10,9,9,9,9,9,9,9,9,108,111,99,97,108,32,102,105,114,101,100,32,61,32,102,97,108,115,101,13,10,9,9,9,9,9,9,9,
9,105,102,32,103,101,116,99,111,110,110,101,99,116,105,111,110,115,32,116,104,101,110,13,10,9,9,9,9,9,9,9,9,9,102,111,114,32,95,44,32,99,111,110,110,32,105,110,32,112,97,105,114,115,40,103,101,116,99,111,110,110,101,99,116,105,111,110,115,40,98,116,110,46,65,99,116,105,118,97,116,101,100,41,41,32,100,111,13,10,9,9,9,9,9,9,9,9,9,9,
112,99,97,108,108,40,102,117,110,99,116,105,111,110,40,41,13,10,9,9,9,9,9,9,9,9,9,9,9,99,111,110,110,58,70,105,114,101,40,41,13,10,9,9,9,9,9,9,9,9,9,9,101,110,100,41,13,10,9,9,9,9,9,9,9,9,9,9,102,105,114,101,100,32,61,32,116,114,117,101,13,10,9,9,9,9,9,9,9,9,9,101,110,100,13,10,9,9,9,9,
9,9,9,9,9,102,111,114,32,95,44,32,99,111,110,110,32,105,110,32,112,97,105,114,115,40,103,101,116,99,111,110,110,101,99,116,105,111,110,115,40,98,116,110,46,77,111,117,115,101,66,117,116,116,111,110,49,67,108,105,99,107,41,41,32,100,111,13,10,9,9,9,9,9,9,9,9,9,9,112,99,97,108,108,40,102,117,110,99,116,105,111,110,40,41,13,10,9,9,9,
9,9,9,9,9,9,9,9,99,111,110,110,58,70,105,114,101,40,41,13,10,9,9,9,9,9,9,9,9,9,9,101,110,100,41,13,10,9,9,9,9,9,9,9,9,9,9,102,105,114,101,100,32,61,32,116,114,117,101,13,10,9,9,9,9,9,9,9,9,9,101,110,100,13,10,9,9,9,9,9,9,9,9,9,102,111,114,32,95,44,32,99,111,110,110,32,105,110,32,112,
97,105,114,115,40,103,101,116,99,111,110,110,101,99,116,105,111,110,115,40,98,116,110,46,77,111,117,115,101,66,117,116,116,111,110,49,68,111,119,110,41,41,32,100,111,13,10,9,9,9,9,9,9,9,9,9,9,112,99,97,108,108,40,102,117,110,99,116,105,111,110,40,41,13,10,9,9,9,9,9,9,9,9,9,9,9,99,111,110,110,58,70,105,114,101,40,41,13,10,9,
9,9,9,9,9,9,9,9,9,101,110,100,41,13,10,9,9,9,9,9,9,9,9,9,9,102,105,114,101,100,32,61,32,116,114,117,101,13,10,9,9,9,9,9,9,9,9,9,101,110,100,13,10,9,9,9,9,9,9,9,9,101,110,100,13,10,9,9,9,9,9,9,9,9,105,102,32,110,111,116,32,102,105,114,101,100,32,116,104,101,110,13,10,9,9,9,9,9,9,9,
9,9,108,111,99,97,108,32,118,105,109,32,61,32,103,97,109,101,58,71,101,116,83,101,114,118,105,99,101,40,34,86,105,114,116,117,97,108,73,110,112,117,116,77,97,110,97,103,101,114,34,41,13,10,9,9,9,9,9,9,9,9,9,108,111,99,97,108,32,97,98,115,80,111,115,32,61,32,98,116,110,46,65,98,115,111,108,117,116,101,80,111,115,105,116,105,111,110,13,10,
9,9,9,9,9,9,9,9,9,108,111,99,97,108,32,97,98,115,83,105,122,101,32,61,32,98,116,110,46,65,98,115,111,108,117,116,101,83,105,122,101,13,10,9,9,9,9,9,9,9,9,9,108,111,99,97,108,32,99,101,110,116,101,114,32,61,32,97,98,115,80,111,115,32,43,32,40,97,98,115,83,105,122,101,32,47,32,50,41,13,10,9,9,9,9,9,9,9,9,9,
118,105,109,58,83,101,110,100,77,111,117,115,101,66,117,116,116,111,110,69,118,101,110,116,40,99,101,110,116,101,114,46,88,44,32,99,101,110,116,101,114,46,89,32,43,32,51,54,44,32,48,44,32,116,114,117,101,44,32,103,97,109,101,44,32,49,41,13,10,9,9,9,9,9,9,9,9,9,116,97,115,107,46,119,97,105,116,40,48,46,49,41,13,10,9,9,9,9,9,9,
9,9,9,118,105,109,58,83,101,110,100,77,111,117,115,101,66,117,116,116,111,110,69,118,101,110,116,40,99,101,110,116,101,114,46,88,44,32,99,101,110,116,101,114,46,89,32,43,32,51,54,44,32,48,44,32,102,97,108,115,101,44,32,103,97,109,101,44,32,49,41,13,10,9,9,9,9,9,9,9,9,101,110,100,13,10,9,9,9,9,9,9,9,101,110,100,41,13,10,9,
9,9,9,9,9,101,110,100,13,10,9,9,9,9,9,9,108,111,99,97,108,32,105,110,66,97,116,116,108,101,32,61,32,101,113,117,105,112,66,116,110,32,111,114,32,98,97,116,116,108,101,66,116,110,32,111,114,32,97,117,116,111,82,101,112,108,97,121,66,116,110,32,111,114,32,115,104,111,119,66,97,116,116,108,101,66,116,110,13,10,9,9,9,9,9,9,105,102,32,111,
112,101,110,80,114,111,109,112,116,32,97,110,100,32,110,111,116,32,105,110,66,97,116,116,108,101,32,116,104,101,110,13,10,9,9,9,9,9,9,9,112,99,97,108,108,40,102,117,110,99,116,105,111,110,40,41,13,10,9,9,9,9,9,9,9,9,108,111,99,97,108,32,104,114,112,32,61,32,103,97,109,101,58,71,101,116,83,101,114,118,105,99,101,40,34,80,108,97,121,101,
114,115,34,41,46,76,111,99,97,108,80,108,97,121,101,114,46,67,104,97,114,97,99,116,101,114,13,10,9,9,9,9,9,9,9,9,9,97,110,100,32,103,97,109,101,58,71,101,116,83,101,114,118,105,99,101,40,34,80,108,97,121,101,114,115,34,41,46,76,111,99,97,108,80,108,97,121,101,114,46,67,104,97,114,97,99,116,101,114,13,10,9,9,9,9,9,9,9,9,9,
9,58,70,105,110,100,70,105,114,115,116,67,104,105,108,100,40,34,72,117,109,97,110,111,105,100,82,111,111,116,80,97,114,116,34,41,13,10,9,9,9,9,9,9,9,9,105,102,32,104,114,112,32,116,104,101,110,13,10,9,9,9,9,9,9,9,9,9,108,111,99,97,108,32,116,97,114,103,101,116,80,111,115,13,10,9,9,9,9,9,9,9,9,9,105,102,32,111,112,101,
110,80,114,111,109,112,116,46,80,97,114,101,110,116,58,73,115,65,40,34,66,97,115,101,80,97,114,116,34,41,32,116,104,101,110,13,10,9,9,9,9,9,9,9,9,9,9,116,97,114,103,101,116,80,111,115,32,61,32,111,112,101,110,80,114,111,109,112,116,46,80,97,114,101,110,116,46,80,111,115,105,116,105,111,110,13,10,9,9,9,9,9,9,9,9,9,101,108,115,101,
105,102,32,111,112,101,110,80,114,111,109,112,116,46,80,97,114,101,110,116,58,73,115,65,40,34,65,116,116,97,99,104,109,101,110,116,34,41,32,116,104,101,110,13,10,9,9,9,9,9,9,9,9,9,9,116,97,114,103,101,116,80,111,115,32,61,32,111,112,101,110,80,114,111,109,112,116,46,80,97,114,101,110,116,46,87,111,114,108,100,80,111,115,105,116,105,111,110,13,10,
9,9,9,9,9,9,9,9,9,101,108,115,101,105,102,32,111,112,101,110,80,114,111,109,112,116,46,80,97,114,101,110,116,58,73,115,65,40,34,77,111,100,101,108,34,41,32,97,110,100,32,111,112,101,110,80,114,111,109,112,116,46,80,97,114,101,110,116,46,80,114,105,109,97,114,121,80,97,114,116,32,116,104,101,110,13,10,9,9,9,9,9,9,9,9,9,9,116,97,114,
103,101,116,80,111,115,32,61,32,111,112,101,110,80,114,111,109,112,116,46,80,97,114,101,110,116,46,80,114,105,109,97,114,121,80,97,114,116,46,80,111,115,105,116,105,111,110,13,10,9,9,9,9,9,9,9,9,9,101,110,100,13,10,9,9,9,9,9,9,9,9,9,105,102,32,116,97,114,103,101,116,80,111,115,32,116,104,101,110,13,10,9,9,9,9,9,9,9,9,9,
9,108,111,99,97,108,32,100,105,115,116,32,61,32,40,104,114,112,46,80,111,115,105,116,105,111,110,32,45,32,116,97,114,103,101,116,80,111,115,41,46,77,97,103,110,105,116,117,100,101,13,10,9,9,9,9,9,9,9,9,9,9,105,102,32,100,105,115,116,32,62,32,49,53,32,116,104,101,110,13,10,9,9,9,9,9,9,9,9,9,9,9,108,111,99,97,108,32,99,104,
97,114,97,99,116,101,114,32,61,32,103,97,109,101,58,71,101,116,83,101,114,118,105,99,101,40,34,80,108,97,121,101,114,115,34,41,46,76,111,99,97,108,80,108,97,121,101,114,46,67,104,97,114,97,99,116,101,114,13,10,9,9,9,9,9,9,9,9,9,9,9,105,102,32,110,111,116,32,103,101,116,103,101,110,118,40,41,46,84,111,119,101,114,79,114,105,103,105,110,97,
108,67,70,114,97,109,101,32,116,104,101,110,13,10,9,9,9,9,9,9,9,9,9,9,9,9,103,101,116,103,101,110,118,40,41,46,84,111,119,101,114,79,114,105,103,105,110,97,108,67,70,114,97,109,101,32,61,32,99,104,97,114,97,99,116,101,114,58,71,101,116,80,105,118,111,116,40,41,13,10,9,9,9,9,9,9,9,9,9,9,9,101,110,100,13,10,9,9,9,9,
9,9,9,9,9,9,9,108,111,99,97,108,32,99,97,109,32,61,32,119,111,114,107,115,112,97,99,101,46,67,117,114,114,101,110,116,67,97,109,101,114,97,13,10,9,9,9,9,9,9,9,9,9,9,9,105,102,32,99,97,109,32,116,104,101,110,13,10,9,9,9,9,9,9,9,9,9,9,9,9,103,101,116,103,101,110,118,40,41,46,84,111,119,101,114,83,97,118,101,100,
67,97,109,67,70,32,61,32,99,97,109,46,67,70,114,97,109,101,13,10,9,9,9,9,9,9,9,9,9,9,9,9,99,97,109,46,67,97,109,101,114,97,84,121,112,101,32,61,32,69,110,117,109,46,67,97,109,101,114,97,84,121,112,101,46,83,99,114,105,112,116,97,98,108,101,13,10,9,9,9,9,9,9,9,9,9,9,9,101,110,100,13,10,9,9,9,9,9,9,9,
9,9,9,9,99,104,97,114,97,99,116,101,114,58,80,105,118,111,116,84,111,40,67,70,114,97,109,101,46,110,101,119,40,116,97,114,103,101,116,80,111,115,41,32,43,32,86,101,99,116,111,114,51,46,110,101,119,40,48,44,32,51,44,32,48,41,41,13,10,9,9,9,9,9,9,9,9,9,9,9,116,97,115,107,46,119,97,105,116,40,48,46,49,41,13,10,9,9,9,9,
9,9,9,9,9,9,101,110,100,13,10,9,9,9,9,9,9,9,9,9,101,110,100,13,10,9,9,9,9,9,9,9,9,101,110,100,13,10,9,9,9,9,9,9,9,9,111,112,101,110,80,114,111,109,112,116,46,82,101,113,117,105,114,101,115,76,105,110,101,79,102,83,105,103,104,116,32,61,32,102,97,108,115,101,13,10,9,9,9,9,9,9,9,9,111,112,101,110,80,114,
111,109,112,116,46,77,97,120,65,99,116,105,118,97,116,105,111,110,68,105,115,116,97,110,99,101,32,61,32,57,57,57,57,57,13,10,9,9,9,9,9,9,9,9,102,105,114,101,112,114,111,120,105,109,105,116,121,112,114,111,109,112,116,40,111,112,101,110,80,114,111,109,112,116,41,13,10,9,9,9,9,9,9,9,101,110,100,41,13,10,9,9,9,9,9,9,9,116,97,115,
107,46,119,97,105,116,40,48,46,49,41,13,10,9,9,9,9,9,9,101,110,100,13,10,9,9,9,9,9,9,105,102,32,111,112,101,110,66,116,110,32,97,110,100,32,110,111,116,32,40,101,113,117,105,112,66,116,110,32,111,114,32,98,97,116,116,108,101,66,116,110,41,32,116,104,101,110,13,10,9,9,9,9,9,9,9,102,105,114,101,66,117,116,116,111,110,40,111,112,101,
110,66,116,110,41,13,10,9,9,9,9,9,9,9,116,97,115,107,46,119,97,105,116,40,48,46,49,41,13,10,9,9,9,9,9,9,101,110,100,13,10,9,9,9,9,9,9,105,102,32,101,113,117,105,112,66,116,110,32,116,104,101,110,13,10,9,9,9,9,9,9,9,102,105,114,101,66,117,116,116,111,110,40,101,113,117,105,112,66,116,110,41,13,10,9,9,9,9,9,9,
9,116,97,115,107,46,119,97,105,116,40,48,46,49,41,13,10,9,9,9,9,9,9,101,110,100,13,10,9,9,9,9,9,9,105,102,32,98,97,116,116,108,101,66,116,110,32,116,104,101,110,13,10,9,9,9,9,9,9,9,102,105,114,101,66,117,116,116,111,110,40,98,97,116,116,108,101,66,116,110,41,13,10,9,9,9,9,9,9,9,116,97,115,107,46,119,97,105,116,40,
48,46,50,41,13,10,9,9,9,9,9,9,9,108,111,99,97,108,32,99,104,97,114,97,99,116,101,114,32,61,32,103,97,109,101,58,71,101,116,83,101,114,118,105,99,101,40,34,80,108,97,121,101,114,115,34,41,46,76,111,99,97,108,80,108,97,121,101,114,46,67,104,97,114,97,99,116,101,114,13,10,9,9,9,9,9,9,9,105,102,32,103,101,116,103,101,110,118,40,41,
46,84,111,119,101,114,79,114,105,103,105,110,97,108,67,70,114,97,109,101,32,97,110,100,32,99,104,97,114,97,99,116,101,114,32,116,104,101,110,13,10,9,9,9,9,9,9,9,9,99,104,97,114,97,99,116,101,114,58,80,105,118,111,116,84,111,40,103,101,116,103,101,110,118,40,41,46,84,111,119,101,114,79,114,105,103,105,110,97,108,67,70,114,97,109,101,41,13,10,9,
9,9,9,9,9,9,9,103,101,116,103,101,110,118,40,41,46,84,111,119,101,114,79,114,105,103,105,110,97,108,67,70,114,97,109,101,32,61,32,110,105,108,13,10,9,9,9,9,9,9,9,9,108,111,99,97,108,32,99,97,109,32,61,32,119,111,114,107,115,112,97,99,101,46,67,117,114,114,101,110,116,67,97,109,101,114,97,13,10,9,9,9,9,9,9,9,9,108,111,99,
97,108,32,99,104,97,114,32,61,32,103,97,109,101,58,71,101,116,83,101,114,118,105,99,101,40,34,80,108,97,121,101,114,115,34,41,46,76,111,99,97,108,80,108,97,121,101,114,46,67,104,97,114,97,99,116,101,114,13,10,9,9,9,9,9,9,9,9,105,102,32,99,97,109,32,97,110,100,32,103,101,116,103,101,110,118,40,41,46,84,111,119,101,114,83,97,118,101,100,67,
97,109,67,70,32,116,104,101,110,13,10,9,9,9,9,9,9,9,9,9,99,97,109,46,67,97,109,101,114,97,84,121,112,101,32,61,32,69,110,117,109,46,67,97,109,101,114,97,84,121,112,101,46,67,117,115,116,111,109,13,10,9,9,9,9,9,9,9,9,9,105,102,32,99,104,97,114,32,97,110,100,32,99,104,97,114,58,70,105,110,100,70,105,114,115,116,67,104,105,108,
100,40,34,72,117,109,97,110,111,105,100,34,41,32,116,104,101,110,13,10,9,9,9,9,9,9,9,9,9,9,99,97,109,46,67,97,109,101,114,97,83,117,98,106,101,99,116,32,61,32,99,104,97,114,46,72,117,109,97,110,111,105,100,13,10,9,9,9,9,9,9,9,9,9,101,110,100,13,10,9,9,9,9,9,9,9,9,9,103,101,116,103,101,110,118,40,41,46,84,111,
119,101,114,83,97,118,101,100,67,97,109,67,70,32,61,32,110,105,108,13,10,9,9,9,9,9,9,9,9,101,110,100,13,10,9,9,9,9,9,9,9,101,110,100,13,10,9,9,9,9,9,9,101,110,100,13,10,9,9,9,9,9,9,105,102,32,97,117,116,111,82,101,112,108,97,121,66,116,110,32,116,104,101,110,13,10,9,9,9,9,9,9,9,108,111,99,97,108,32,99,
111,108,111,114,32,61,32,97,117,116,111,82,101,112,108,97,121,66,116,110,46,66,97,99,107,103,114,111,117,110,100,67,111,108,111,114,51,13,10,9,9,9,9,9,9,9,105,102,13,10,9,9,9,9,9,9,9,9,97,117,116,111,82,101,112,108,97,121,66,116,110,46,66,97,99,107,103,114,111,117,110,100,84,114,97,110,115,112,97,114,101,110,99,121,32,62,32,48,46,53,
13,10,9,9,9,9,9,9,9,9,97,110,100,32,97,117,116,111,82,101,112,108,97,121,66,116,110,46,80,97,114,101,110,116,13,10,9,9,9,9,9,9,9,9,97,110,100,32,97,117,116,111,82,101,112,108,97,121,66,116,110,46,80,97,114,101,110,116,58,73,115,65,40,34,71,117,105,79,98,106,101,99,116,34,41,13,10,9,9,9,9,9,9,9,116,104,101,110,13,10,
9,9,9,9,9,9,9,9,99,111,108,111,114,32,61,32,97,117,116,111,82,101,112,108,97,121,66,116,110,46,80,97,114,101,110,116,46,66,97,99,107,103,114,111,117,110,100,67,111,108,111,114,51,13,10,9,9,9,9,9,9,9,101,110,100,13,10,9,9,9,9,9,9,9,105,102,13,10,9,9,9,9,9,9,9,9,97,117,116,111,82,101,112,108,97,121,66,116,110,58,
73,115,65,40,34,73,109,97,103,101,66,117,116,116,111,110,34,41,13,10,9,9,9,9,9,9,9,9,97,110,100,32,97,117,116,111,82,101,112,108,97,121,66,116,110,46,73,109,97,103,101,67,111,108,111,114,51,32,126,61,32,67,111,108,111,114,51,46,110,101,119,40,49,44,32,49,44,32,49,41,13,10,9,9,9,9,9,9,9,116,104,101,110,13,10,9,9,9,9,9,
9,9,9,99,111,108,111,114,32,61,32,97,117,116,111,82,101,112,108,97,121,66,116,110,46,73,109,97,103,101,67,111,108,111,114,51,13,10,9,9,9,9,9,9,9,101,110,100,13,10,9,9,9,9,9,9,9,108,111,99,97,108,32,105,115,71,114,101,101,110,32,61,32,40,99,111,108,111,114,46,71,32,62,32,99,111,108,111,114,46,82,32,43,32,48,46,49,41,13,10,
9,9,9,9,9,9,9,105,102,32,105,115,71,114,101,101,110,32,116,104,101,110,13,10,9,9,9,9,9,9,9,9,103,101,116,103,101,110,118,40,41,46,65,117,116,111,82,101,112,108,97,121,84,111,103,103,108,101,100,32,61,32,116,114,117,101,13,10,9,9,9,9,9,9,9,101,108,115,101,105,102,32,110,111,116,32,103,101,116,103,101,110,118,40,41,46,65,117,116,111,
82,101,112,108,97,121,84,111,103,103,108,101,100,32,116,104,101,110,13,10,9,9,9,9,9,9,9,9,102,105,114,101,66,117,116,116,111,110,40,97,117,116,111,82,101,112,108,97,121,66,116,110,41,13,10,9,9,9,9,9,9,9,9,103,101,116,103,101,110,118,40,41,46,65,117,116,111,82,101,112,108,97,121,84,111,103,103,108,101,100,32,61,32,116,114,117,101,13,10,9,
9,9,9,9,9,9,9,116,97,115,107,46,119,97,105,116,40,48,46,50,41,13,10,9,9,9,9,9,9,9,101,110,100,13,10,9,9,9,9,9,9,101,110,100,13,10,9,9,9,9,9,9,105,102,32,110,111,116,32,40,97,117,116,111,82,101,112,108,97,121,66,116,110,32,111,114,32,115,104,111,119,66,97,116,116,108,101,66,116,110,32,111,114,32,104,105,100,101,66,97,
116,116,108,101,66,116,110,41,32,116,104,101,110,13,10,9,9,9,9,9,9,9,103,101,116,103,101,110,118,40,41,46,65,117,116,111,82,101,112,108,97,121,84,111,103,103,108,101,100,32,61,32,102,97,108,115,101,13,10,9,9,9,9,9,9,101,110,100,13,10,9,9,9,9,9,9,105,102,32,97,117,116,111,82,101,112,108,97,121,66,116,110,32,111,114,32,115,104,111,119,
66,97,116,116,108,101,66,116,110,32,116,104,101,110,13,10,9,9,9,9,9,9,9,108,111,99,97,108,32,99,104,97,114,97,99,116,101,114,32,61,32,103,97,109,101,58,71,101,116,83,101,114,118,105,99,101,40,34,80,108,97,121,101,114,115,34,41,46,76,111,99,97,108,80,108,97,121,101,114,46,67,104,97,114,97,99,116,101,114,13,10,9,9,9,9,9,9,9,105,102,
32,103,101,116,103,101,110,118,40,41,46,84,111,119,101,114,79,114,105,103,105,110,97,108,67,70,114,97,109,101,32,97,110,100,32,99,104,97,114,97,99,116,101,114,32,116,104,101,110,13,10,9,9,9,9,9,9,9,9,99,104,97,114,97,99,116,101,114,58,80,105,118,111,116,84,111,40,103,101,116,103,101,110,118,40,41,46,84,111,119,101,114,79,114,105,103,105,110,97,108,
67,70,114,97,109,101,41,13,10,9,9,9,9,9,9,9,9,103,101,116,103,101,110,118,40,41,46,84,111,119,101,114,79,114,105,103,105,110,97,108,67,70,114,97,109,101,32,61,32,110,105,108,13,10,9,9,9,9,9,9,9,9,108,111,99,97,108,32,99,97,109,32,61,32,119,111,114,107,115,112,97,99,101,46,67,117,114,114,101,110,116,67,97,109,101,114,97,13,10,9,
9,9,9,9,9,9,9,108,111,99,97,108,32,99,104,97,114,32,61,32,103,97,109,101,58,71,101,116,83,101,114,118,105,99,101,40,34,80,108,97,121,101,114,115,34,41,46,76,111,99,97,108,80,108,97,121,101,114,46,67,104,97,114,97,99,116,101,114,13,10,9,9,9,9,9,9,9,9,105,102,32,99,97,109,32,97,110,100,32,103,101,116,103,101,110,118,40,41,46,84,
111,119,101,114,83,97,118,101,100,67,97,109,67,70,32,116,104,101,110,13,10,9,9,9,9,9,9,9,9,9,99,97,109,46,67,97,109,101,114,97,84,121,112,101,32,61,32,69,110,117,109,46,67,97,109,101,114,97,84,121,112,101,46,67,117,115,116,111,109,13,10,9,9,9,9,9,9,9,9,9,105,102,32,99,104,97,114,32,97,110,100,32,99,104,97,114,58,70,105,110,
100,70,105,114,115,116,67,104,105,108,100,40,34,72,117,109,97,110,111,105,100,34,41,32,116,104,101,110,13,10,9,9,9,9,9,9,9,9,9,9,99,97,109,46,67,97,109,101,114,97,83,117,98,106,101,99,116,32,61,32,99,104,97,114,46,72,117,109,97,110,111,105,100,13,10,9,9,9,9,9,9,9,9,9,101,110,100,13,10,9,9,9,9,9,9,9,9,9,103,101,
116,103,101,110,118,40,41,46,84,111,119,101,114,83,97,118,101,100,67,97,109,67,70,32,61,32,110,105,108,13,10,9,9,9,9,9,9,9,9,101,110,100,13,10,9,9,9,9,9,9,9,101,110,100,13,10,9,9,9,9,9,9,101,110,100,13,10,9,9,9,9,9,9,105,102,32,104,105,100,101,66,97,116,116,108,101,66,116,110,32,116,104,101,110,13,10,9,9,9,9,
9,9,9,102,105,114,101,66,117,116,116,111,110,40,104,105,100,101,66,97,116,116,108,101,66,116,110,41,13,10,9,9,9,9,9,9,9,116,97,115,107,46,119,97,105,116,40,48,46,50,41,13,10,9,9,9,9,9,9,101,110,100,13,10,9,9,9,9,9,9,105,102,32,110,101,120,116,66,116,110,32,116,104,101,110,13,10,9,9,9,9,9,9,9,102,105,114,101,66,117,
116,116,111,110,40,110,101,120,116,66,116,110,41,13,10,9,9,9,9,9,9,9,116,97,115,107,46,119,97,105,116,40,48,46,50,41,13,10,9,9,9,9,9,9,101,110,100,13,10,9,9,9,9,9,9,105,102,32,112,108,97,121,66,116,110,32,116,104,101,110,13,10,9,9,9,9,9,9,9,102,105,114,101,66,117,116,116,111,110,40,112,108,97,121,66,116,110,41,13,10,
9,9,9,9,9,9,9,116,97,115,107,46,119,97,105,116,40,48,46,50,41,13,10,9,9,9,9,9,9,101,110,100,13,10,9,9,9,9,9,101,110,100,13,10,9,9,9,9,9,116,97,115,107,46,119,97,105,116,40,48,46,50,41,13,10,9,9,9,9,101,110,100,13,10,9,9,9,101,110,100,41,13,10,9,9,101,110,100,13,10,9,101,110,100,44,13,10,125,41,13,
10,103,101,116,103,101,110,118,40,41,46,66,111,115,115,82,97,105,100,68,105,102,102,105,99,117,108,116,121,32,61,32,34,78,73,71,72,84,77,65,82,69,34,13,10,108,111,99,97,108,32,66,111,115,115,82,97,105,100,68,105,102,102,68,114,111,112,100,111,119,110,32,61,32,82,97,105,100,84,97,98,58,68,114,111,112,100,111,119,110,40,123,32,70,108,97,103,32,61,32,
34,66,111,115,115,82,97,105,100,68,105,102,102,105,99,117,108,116,121,34,44,13,10,9,78,97,109,101,32,61,32,34,66,111,115,115,32,82,97,105,100,32,68,105,102,102,105,99,117,108,116,121,34,44,13,10,9,68,101,102,97,117,108,116,32,61,32,34,78,73,71,72,84,77,65,82,69,34,44,13,10,9,73,116,101,109,115,32,61,32,123,32,34,69,65,83,89,34,44,32,
34,77,69,68,73,85,77,34,44,32,34,72,65,82,68,34,44,32,34,78,73,71,72,84,77,65,82,69,34,32,125,44,13,10,9,67,97,108,108,98,97,99,107,32,61,32,102,117,110,99,116,105,111,110,40,86,97,108,117,101,41,13,10,9,9,103,101,116,103,101,110,118,40,41,46,66,111,115,115,82,97,105,100,68,105,102,102,105,99,117,108,116,121,32,61,32,86,97,108,117,
101,13,10,9,101,110,100,44,13,10,125,41,13,10,103,101,116,103,101,110,118,40,41,46,65,117,116,111,66,111,115,115,82,97,105,100,32,61,32,102,97,108,115,101,13,10,108,111,99,97,108,32,65,117,116,111,66,111,115,115,82,97,105,100,84,111,103,103,108,101,32,61,32,82,97,105,100,84,97,98,58,84,111,103,103,108,101,40,123,32,70,108,97,103,32,61,32,34,65,117,
116,111,66,111,115,115,82,97,105,100,34,44,13,10,9,78,97,109,101,32,61,32,34,65,117,116,111,32,66,111,115,115,32,82,97,105,100,34,44,13,10,9,68,101,102,97,117,108,116,32,61,32,103,101,116,103,101,110,118,40,41,46,65,117,116,111,66,111,115,115,82,97,105,100,44,13,10,9,67,97,108,108,98,97,99,107,32,61,32,102,117,110,99,116,105,111,110,40,115,116,
97,116,101,41,13,10,9,9,103,101,116,103,101,110,118,40,41,46,65,117,116,111,66,111,115,115,82,97,105,100,32,61,32,115,116,97,116,101,13,10,9,9,105,102,32,115,116,97,116,101,32,116,104,101,110,13,10,9,9,9,103,101,116,103,101,110,118,40,41,46,65,117,116,111,84,111,119,101,114,32,61,32,102,97,108,115,101,13,10,9,9,9,116,97,115,107,46,115,112,97,
119,110,40,102,117,110,99,116,105,111,110,40,41,13,10,9,9,9,9,119,104,105,108,101,32,103,101,116,103,101,110,118,40,41,46,65,117,116,111,66,111,115,115,82,97,105,100,32,100,111,13,10,9,9,9,9,9,108,111,99,97,108,32,112,108,97,121,101,114,71,117,105,32,61,32,103,97,109,101,58,71,101,116,83,101,114,118,105,99,101,40,34,80,108,97,121,101,114,115,34,
41,46,76,111,99,97,108,80,108,97,121,101,114,58,70,105,110,100,70,105,114,115,116,67,104,105,108,100,40,34,80,108,97,121,101,114,71,117,105,34,41,13,10,9,9,9,9,9,105,102,32,112,108,97,121,101,114,71,117,105,32,116,104,101,110,13,10,9,9,9,9,9,9,108,111,99,97,108,32,101,113,117,105,112,66,116,110,44,32,98,97,116,116,108,101,66,116,110,44,32,
100,105,102,102,66,116,110,44,32,97,117,116,111,82,101,112,108,97,121,66,116,110,44,32,115,104,111,119,66,97,116,116,108,101,66,116,110,44,32,104,105,100,101,66,97,116,116,108,101,66,116,110,44,32,110,101,120,116,66,116,110,44,32,112,108,97,121,66,116,110,13,10,9,9,9,9,9,9,108,111,99,97,108,32,102,117,110,99,116,105,111,110,32,105,115,71,117,105,86,105,
115,105,98,108,101,40,103,117,105,41,13,10,9,9,9,9,9,9,9,105,102,32,110,111,116,32,103,117,105,32,116,104,101,110,13,10,9,9,9,9,9,9,9,9,114,101,116,117,114,110,32,102,97,108,115,101,13,10,9,9,9,9,9,9,9,101,110,100,13,10,9,9,9,9,9,9,9,105,102,32,103,117,105,58,73,115,65,40,34,71,117,105,79,98,106,101,99,116,34,41,
32,97,110,100,32,110,111,116,32,103,117,105,46,86,105,115,105,98,108,101,32,116,104,101,110,13,10,9,9,9,9,9,9,9,9,114,101,116,117,114,110,32,102,97,108,115,101,13,10,9,9,9,9,9,9,9,101,110,100,13,10,9,9,9,9,9,9,9,108,111,99,97,108,32,99,117,114,114,101,110,116,32,61,32,103,117,105,46,80,97,114,101,110,116,13,10,9,9,9,9,
9,9,9,119,104,105,108,101,32,99,117,114,114,101,110,116,32,97,110,100,32,99,117,114,114,101,110,116,58,73,115,65,40,34,71,117,105,79,98,106,101,99,116,34,41,32,100,111,13,10,9,9,9,9,9,9,9,9,105,102,32,110,111,116,32,99,117,114,114,101,110,116,46,86,105,115,105,98,108,101,32,116,104,101,110,13,10,9,9,9,9,9,9,9,9,9,114,101,116,117,
114,110,32,102,97,108,115,101,13,10,9,9,9,9,9,9,9,9,101,110,100,13,10,9,9,9,9,9,9,9,9,99,117,114,114,101,110,116,32,61,32,99,117,114,114,101,110,116,46,80,97,114,101,110,116,13,10,9,9,9,9,9,9,9,101,110,100,13,10,9,9,9,9,9,9,9,105,102,32,99,117,114,114,101,110,116,32,97,110,100,32,99,117,114,114,101,110,116,58,73,
115,65,40,34,83,99,114,101,101,110,71,117,105,34,41,32,116,104,101,110,13,10,9,9,9,9,9,9,9,9,114,101,116,117,114,110,32,99,117,114,114,101,110,116,46,69,110,97,98,108,101,100,13,10,9,9,9,9,9,9,9,101,110,100,13,10,9,9,9,9,9,9,9,114,101,116,117,114,110,32,116,114,117,101,13,10,9,9,9,9,9,9,101,110,100,13,10,9,9,9,
9,9,9,108,111,99,97,108,32,102,117,110,99,116,105,111,110,32,102,105,114,101,66,117,116,116,111,110,40,98,116,110,41,13,10,9,9,9,9,9,9,9,112,99,97,108,108,40,102,117,110,99,116,105,111,110,40,41,13,10,9,9,9,9,9,9,9,9,108,111,99,97,108,32,102,105,114,101,100,32,61,32,102,97,108,115,101,13,10,9,9,9,9,9,9,9,9,105,102,32,
98,116,110,46,80,97,114,101,110,116,58,73,115,65,40,34,80,114,111,120,105,109,105,116,121,80,114,111,109,112,116,34,41,32,116,104,101,110,13,10,9,9,9,9,9,9,9,9,9,114,101,116,117,114,110,13,10,9,9,9,9,9,9,9,9,101,110,100,13,10,9,9,9,9,9,9,9,9,102,111,114,32,95,44,32,99,32,105,110,32,105,112,97,105,114,115,40,103,101,116,
99,111,110,110,101,99,116,105,111,110,115,40,98,116,110,46,77,111,117,115,101,66,117,116,116,111,110,49,67,108,105,99,107,41,41,32,100,111,13,10,9,9,9,9,9,9,9,9,9,99,58,70,105,114,101,40,41,13,10,9,9,9,9,9,9,9,9,9,102,105,114,101,100,32,61,32,116,114,117,101,13,10,9,9,9,9,9,9,9,9,101,110,100,13,10,9,9,9,9,9,
9,9,9,105,102,32,110,111,116,32,102,105,114,101,100,32,116,104,101,110,13,10,9,9,9,9,9,9,9,9,9,102,111,114,32,95,44,32,99,32,105,110,32,105,112,97,105,114,115,40,103,101,116,99,111,110,110,101,99,116,105,111,110,115,40,98,116,110,46,77,111,117,115,101,66,117,116,116,111,110,49,68,111,119,110,41,41,32,100,111,13,10,9,9,9,9,9,9,9,9,
9,9,99,58,70,105,114,101,40,41,13,10,9,9,9,9,9,9,9,9,9,9,102,105,114,101,100,32,61,32,116,114,117,101,13,10,9,9,9,9,9,9,9,9,9,101,110,100,13,10,9,9,9,9,9,9,9,9,9,102,111,114,32,95,44,32,99,32,105,110,32,105,112,97,105,114,115,40,103,101,116,99,111,110,110,101,99,116,105,111,110,115,40,98,116,110,46,77,111,117,
115,101,66,117,116,116,111,110,49,85,112,41,41,32,100,111,13,10,9,9,9,9,9,9,9,9,9,9,99,58,70,105,114,101,40,41,13,10,9,9,9,9,9,9,9,9,9,9,102,105,114,101,100,32,61,32,116,114,117,101,13,10,9,9,9,9,9,9,9,9,9,101,110,100,13,10,9,9,9,9,9,9,9,9,9,102,111,114,32,95,44,32,99,32,105,110,32,105,112,97,
105,114,115,40,103,101,116,99,111,110,110,101,99,116,105,111,110,115,40,98,116,110,46,65,99,116,105,118,97,116,101,100,41,41,32,100,111,13,10,9,9,9,9,9,9,9,9,9,9,99,58,70,105,114,101,40,41,13,10,9,9,9,9,9,9,9,9,9,9,102,105,114,101,100,32,61,32,116,114,117,101,13,10,9,9,9,9,9,9,9,9,9,101,110,100,13,10,9,9,9,
9,9,9,9,9,101,110,100,13,10,9,9,9,9,9,9,9,9,105,102,32,110,111,116,32,102,105,114,101,100,32,116,104,101,110,13,10,9,9,9,9,9,9,9,9,9,108,111,99,97,108,32,118,105,109,32,61,32,103,97,109,101,58,71,101,116,83,101,114,118,105,99,101,40,34,86,105,114,116,117,97,108,73,110,112,117,116,77,97,110,97,103,101,114,34,41,13,10,9,9,
9,9,9,9,9,9,9,108,111,99,97,108,32,97,98,115,80,111,115,32,61,32,98,116,110,46,65,98,115,111,108,117,116,101,80,111,115,105,116,105,111,110,13,10,9,9,9,9,9,9,9,9,9,108,111,99,97,108,32,97,98,115,83,105,122,101,32,61,32,98,116,110,46,65,98,115,111,108,117,116,101,83,105,122,101,13,10,9,9,9,9,9,9,9,9,9,108,111,99,97,
108,32,99,101,110,116,101,114,32,61,32,97,98,115,80,111,115,32,43,32,40,97,98,115,83,105,122,101,32,47,32,50,41,13,10,9,9,9,9,9,9,9,9,9,118,105,109,58,83,101,110,100,77,111,117,115,101,66,117,116,116,111,110,69,118,101,110,116,40,99,101,110,116,101,114,46,88,44,32,99,101,110,116,101,114,46,89,32,43,32,51,54,44,32,48,44,32,116,114,117,
101,44,32,103,97,109,101,44,32,49,41,13,10,9,9,9,9,9,9,9,9,9,116,97,115,107,46,119,97,105,116,40,48,46,49,41,13,10,9,9,9,9,9,9,9,9,9,118,105,109,58,83,101,110,100,77,111,117,115,101,66,117,116,116,111,110,69,118,101,110,116,40,99,101,110,116,101,114,46,88,44,32,99,101,110,116,101,114,46,89,32,43,32,51,54,44,32,48,44,32,
102,97,108,115,101,44,32,103,97,109,101,44,32,49,41,13,10,9,9,9,9,9,9,9,9,101,110,100,13,10,9,9,9,9,9,9,9,101,110,100,41,13,10,9,9,9,9,9,9,101,110,100,13,10,9,9,9,9,9,9,108,111,99,97,108,32,97,108,114,101,97,100,121,70,111,117,103,104,116,32,61,32,102,97,108,115,101,13,10,9,9,9,9,9,9,102,111,114,32,95,
44,32,118,32,105,110,32,105,112,97,105,114,115,40,112,108,97,121,101,114,71,117,105,58,71,101,116,68,101,115,99,101,110,100,97,110,116,115,40,41,41,32,100,111,13,10,9,9,9,9,9,9,9,105,102,32,40,118,58,73,115,65,40,34,84,101,120,116,66,117,116,116,111,110,34,41,32,111,114,32,118,58,73,115,65,40,34,84,101,120,116,76,97,98,101,108,34,41,41,32,
97,110,100,32,118,46,84,101,120,116,32,116,104,101,110,13,10,9,9,9,9,9,9,9,9,108,111,99,97,108,32,116,101,120,116,32,61,32,115,116,114,105,110,103,46,117,112,112,101,114,40,115,116,114,105,110,103,46,109,97,116,99,104,40,118,46,84,101,120,116,44,32,34,94,37,115,42,40,46,45,41,37,115,42,36,34,41,32,111,114,32,34,34,41,13,10,9,9,9,9,
9,9,9,9,105,102,32,115,116,114,105,110,103,46,102,105,110,100,40,116,101,120,116,44,32,34,65,76,82,69,65,68,89,32,70,79,85,71,72,84,32,84,72,69,32,66,79,83,83,34,41,32,97,110,100,32,105,115,71,117,105,86,105,115,105,98,108,101,40,118,41,32,116,104,101,110,13,10,9,9,9,9,9,9,9,9,9,97,108,114,101,97,100,121,70,111,117,103,104,116,
32,61,32,116,114,117,101,13,10,9,9,9,9,9,9,9,9,101,110,100,13,10,9,9,9,9,9,9,9,9,105,102,32,116,101,120,116,32,61,61,32,34,69,81,85,73,80,32,66,69,83,84,34,32,116,104,101,110,13,10,9,9,9,9,9,9,9,9,9,108,111,99,97,108,32,98,116,110,32,61,32,118,58,73,115,65,40,34,84,101,120,116,66,117,116,116,111,110,34,41,
32,97,110,100,32,118,13,10,9,9,9,9,9,9,9,9,9,9,111,114,32,118,58,70,105,110,100,70,105,114,115,116,65,110,99,101,115,116,111,114,87,104,105,99,104,73,115,65,40,34,84,101,120,116,66,117,116,116,111,110,34,41,13,10,9,9,9,9,9,9,9,9,9,9,111,114,32,118,58,70,105,110,100,70,105,114,115,116,65,110,99,101,115,116,111,114,87,104,105,99,
104,73,115,65,40,34,73,109,97,103,101,66,117,116,116,111,110,34,41,13,10,9,9,9,9,9,9,9,9,9,105,102,32,98,116,110,32,97,110,100,32,105,115,71,117,105,86,105,115,105,98,108,101,40,98,116,110,41,32,116,104,101,110,13,10,9,9,9,9,9,9,9,9,9,9,101,113,117,105,112,66,116,110,32,61,32,98,116,110,13,10,9,9,9,9,9,9,9,9,9,
101,110,100,13,10,9,9,9,9,9,9,9,9,101,108,115,101,105,102,32,116,101,120,116,32,61,61,32,34,66,65,84,84,76,69,34,32,116,104,101,110,13,10,9,9,9,9,9,9,9,9,9,108,111,99,97,108,32,98,116,110,32,61,32,118,58,73,115,65,40,34,84,101,120,116,66,117,116,116,111,110,34,41,32,97,110,100,32,118,13,10,9,9,9,9,9,9,9,9,9,
9,111,114,32,118,58,70,105,110,100,70,105,114,115,116,65,110,99,101,115,116,111,114,87,104,105,99,104,73,115,65,40,34,84,101,120,116,66,117,116,116,111,110,34,41,13,10,9,9,9,9,9,9,9,9,9,9,111,114,32,118,58,70,105,110,100,70,105,114,115,116,65,110,99,101,115,116,111,114,87,104,105,99,104,73,115,65,40,34,73,109,97,103,101,66,117,116,116,111,110,
34,41,13,10,9,9,9,9,9,9,9,9,9,105,102,32,98,116,110,32,97,110,100,32,105,115,71,117,105,86,105,115,105,98,108,101,40,98,116,110,41,32,116,104,101,110,13,10,9,9,9,9,9,9,9,9,9,9,98,97,116,116,108,101,66,116,110,32,61,32,98,116,110,13,10,9,9,9,9,9,9,9,9,9,101,110,100,13,10,9,9,9,9,9,9,9,9,101,108,115,
101,105,102,32,116,101,120,116,32,61,61,32,103,101,116,103,101,110,118,40,41,46,66,111,115,115,82,97,105,100,68,105,102,102,105,99,117,108,116,121,32,116,104,101,110,13,10,9,9,9,9,9,9,9,9,9,108,111,99,97,108,32,98,116,110,32,61,32,118,58,73,115,65,40,34,84,101,120,116,66,117,116,116,111,110,34,41,32,97,110,100,32,118,13,10,9,9,9,9,9,
9,9,9,9,9,111,114,32,118,58,70,105,110,100,70,105,114,115,116,65,110,99,101,115,116,111,114,87,104,105,99,104,73,115,65,40,34,84,101,120,116,66,117,116,116,111,110,34,41,13,10,9,9,9,9,9,9,9,9,9,9,111,114,32,118,58,70,105,110,100,70,105,114,115,116,65,110,99,101,115,116,111,114,87,104,105,99,104,73,115,65,40,34,73,109,97,103,101,66,117,
116,116,111,110,34,41,13,10,9,9,9,9,9,9,9,9,9,105,102,32,98,116,110,32,97,110,100,32,105,115,71,117,105,86,105,115,105,98,108,101,40,98,116,110,41,32,116,104,101,110,13,10,9,9,9,9,9,9,9,9,9,9,100,105,102,102,66,116,110,32,61,32,98,116,110,13,10,9,9,9,9,9,9,9,9,9,101,110,100,13,10,9,9,9,9,9,9,9,9,101,
108,115,101,105,102,32,116,101,120,116,32,61,61,32,34,65,85,84,79,32,82,69,80,76,65,89,34,32,116,104,101,110,13,10,9,9,9,9,9,9,9,9,9,108,111,99,97,108,32,98,116,110,32,61,32,118,58,73,115,65,40,34,84,101,120,116,66,117,116,116,111,110,34,41,32,97,110,100,32,118,13,10,9,9,9,9,9,9,9,9,9,9,111,114,32,118,58,70,105,110,
100,70,105,114,115,116,65,110,99,101,115,116,111,114,87,104,105,99,104,73,115,65,40,34,84,101,120,116,66,117,116,116,111,110,34,41,13,10,9,9,9,9,9,9,9,9,9,9,111,114,32,118,58,70,105,110,100,70,105,114,115,116,65,110,99,101,115,116,111,114,87,104,105,99,104,73,115,65,40,34,73,109,97,103,101,66,117,116,116,111,110,34,41,13,10,9,9,9,9,9,
9,9,9,9,105,102,32,98,116,110,32,97,110,100,32,105,115,71,117,105,86,105,115,105,98,108,101,40,98,116,110,41,32,116,104,101,110,13,10,9,9,9,9,9,9,9,9,9,9,97,117,116,111,82,101,112,108,97,121,66,116,110,32,61,32,98,116,110,13,10,9,9,9,9,9,9,9,9,9,101,110,100,13,10,9,9,9,9,9,9,9,9,101,108,115,101,105,102,32,116,
101,120,116,32,61,61,32,34,83,72,79,87,32,66,65,84,84,76,69,34,32,116,104,101,110,13,10,9,9,9,9,9,9,9,9,9,108,111,99,97,108,32,98,116,110,32,61,32,118,58,73,115,65,40,34,84,101,120,116,66,117,116,116,111,110,34,41,32,97,110,100,32,118,13,10,9,9,9,9,9,9,9,9,9,9,111,114,32,118,58,70,105,110,100,70,105,114,115,116,65,
110,99,101,115,116,111,114,87,104,105,99,104,73,115,65,40,34,84,101,120,116,66,117,116,116,111,110,34,41,13,10,9,9,9,9,9,9,9,9,9,9,111,114,32,118,58,70,105,110,100,70,105,114,115,116,65,110,99,101,115,116,111,114,87,104,105,99,104,73,115,65,40,34,73,109,97,103,101,66,117,116,116,111,110,34,41,13,10,9,9,9,9,9,9,9,9,9,105,102,32,
98,116,110,32,97,110,100,32,105,115,71,117,105,86,105,115,105,98,108,101,40,98,116,110,41,32,116,104,101,110,13,10,9,9,9,9,9,9,9,9,9,9,115,104,111,119,66,97,116,116,108,101,66,116,110,32,61,32,98,116,110,13,10,9,9,9,9,9,9,9,9,9,101,110,100,13,10,9,9,9,9,9,9,9,9,101,108,115,101,105,102,32,116,101,120,116,32,61,61,32,
34,72,73,68,69,32,66,65,84,84,76,69,34,32,116,104,101,110,13,10,9,9,9,9,9,9,9,9,9,108,111,99,97,108,32,98,116,110,32,61,32,118,58,73,115,65,40,34,84,101,120,116,66,117,116,116,111,110,34,41,32,97,110,100,32,118,13,10,9,9,9,9,9,9,9,9,9,9,111,114,32,118,58,70,105,110,100,70,105,114,115,116,65,110,99,101,115,116,111,114,
87,104,105,99,104,73,115,65,40,34,84,101,120,116,66,117,116,116,111,110,34,41,13,10,9,9,9,9,9,9,9,9,9,9,111,114,32,118,58,70,105,110,100,70,105,114,115,116,65,110,99,101,115,116,111,114,87,104,105,99,104,73,115,65,40,34,73,109,97,103,101,66,117,116,116,111,110,34,41,13,10,9,9,9,9,9,9,9,9,9,105,102,32,98,116,110,32,97,110,100,
32,105,115,71,117,105,86,105,115,105,98,108,101,40,98,116,110,41,32,116,104,101,110,13,10,9,9,9,9,9,9,9,9,9,9,104,105,100,101,66,97,116,116,108,101,66,116,110,32,61,32,98,116,110,13,10,9,9,9,9,9,9,9,9,9,101,110,100,13,10,9,9,9,9,9,9,9,9,101,108,115,101,105,102,32,116,101,120,116,32,61,61,32,34,78,69,88,84,34,32,
111,114,32,116,101,120,116,32,61,61,32,34,78,69,88,84,32,70,76,79,79,82,34,32,116,104,101,110,13,10,9,9,9,9,9,9,9,9,9,108,111,99,97,108,32,98,116,110,32,61,32,118,58,73,115,65,40,34,84,101,120,116,66,117,116,116,111,110,34,41,32,97,110,100,32,118,13,10,9,9,9,9,9,9,9,9,9,9,111,114,32,118,58,70,105,110,100,70,105,114,
115,116,65,110,99,101,115,116,111,114,87,104,105,99,104,73,115,65,40,34,84,101,120,116,66,117,116,116,111,110,34,41,13,10,9,9,9,9,9,9,9,9,9,9,111,114,32,118,58,70,105,110,100,70,105,114,115,116,65,110,99,101,115,116,111,114,87,104,105,99,104,73,115,65,40,34,73,109,97,103,101,66,117,116,116,111,110,34,41,13,10,9,9,9,9,9,9,9,9,9,
105,102,32,98,116,110,32,97,110,100,32,105,115,71,117,105,86,105,115,105,98,108,101,40,98,116,110,41,32,116,104,101,110,13,10,9,9,9,9,9,9,9,9,9,9,110,101,120,116,66,116,110,32,61,32,98,116,110,13,10,9,9,9,9,9,9,9,9,9,101,110,100,13,10,9,9,9,9,9,9,9,9,101,108,115,101,105,102,32,116,101,120,116,32,61,61,32,34,80,76,
65,89,34,32,116,104,101,110,13,10,9,9,9,9,9,9,9,9,9,108,111,99,97,108,32,98,116,110,32,61,32,118,58,73,115,65,40,34,84,101,120,116,66,117,116,116,111,110,34,41,32,97,110,100,32,118,13,10,9,9,9,9,9,9,9,9,9,9,111,114,32,118,58,70,105,110,100,70,105,114,115,116,65,110,99,101,115,116,111,114,87,104,105,99,104,73,115,65,40,34,
84,101,120,116,66,117,116,116,111,110,34,41,13,10,9,9,9,9,9,9,9,9,9,9,111,114,32,118,58,70,105,110,100,70,105,114,115,116,65,110,99,101,115,116,111,114,87,104,105,99,104,73,115,65,40,34,73,109,97,103,101,66,117,116,116,111,110,34,41,13,10,9,9,9,9,9,9,9,9,9,105,102,32,98,116,110,32,97,110,100,32,105,115,71,117,105,86,105,115,105,
98,108,101,40,98,116,110,41,32,116,104,101,110,13,10,9,9,9,9,9,9,9,9,9,9,112,108,97,121,66,116,110,32,61,32,98,116,110,13,10,9,9,9,9,9,9,9,9,9,101,110,100,13,10,9,9,9,9,9,9,9,9,101,110,100,13,10,9,9,9,9,9,9,9,101,110,100,13,10,9,9,9,9,9,9,101,110,100,13,10,9,9,9,9,9,9,105,102,32,97,
108,114,101,97,100,121,70,111,117,103,104,116,32,116,104,101,110,13,10,9,9,9,9,9,9,9,103,101,116,103,101,110,118,40,41,46,65,117,116,111,66,111,115,115,82,97,105,100,32,61,32,102,97,108,115,101,13,10,9,9,9,9,9,9,9,105,102,32,65,117,116,111,66,111,115,115,82,97,105,100,84,111,103,103,108,101,32,97,110,100,32,65,117,116,111,66,111,115,115,82,
97,105,100,84,111,103,103,108,101,46,83,101,116,32,116,104,101,110,13,10,9,9,9,9,9,9,9,9,112,99,97,108,108,40,102,117,110,99,116,105,111,110,40,41,13,10,9,9,9,9,9,9,9,9,9,65,117,116,111,66,111,115,115,82,97,105,100,84,111,103,103,108,101,58,83,101,116,40,102,97,108,115,101,41,13,10,9,9,9,9,9,9,9,9,101,110,100,41,13,10,
9,9,9,9,9,9,9,101,110,100,13,10,9,9,9,9,9,9,9,105,102,32,76,105,98,114,97,114,121,32,97,110,100,32,76,105,98,114,97,114,121,46,78,111,116,105,102,105,99,97,116,105,111,110,32,116,104,101,110,13,10,9,9,9,9,9,9,9,9,76,105,98,114,97,114,121,58,78,111,116,105,102,105,99,97,116,105,111,110,40,123,13,10,9,9,9,9,9,9,9,
9,9,84,105,116,108,101,32,61,32,34,66,111,115,115,32,82,97,105,100,34,44,13,10,9,9,9,9,9,9,9,9,9,68,101,115,99,114,105,112,116,105,111,110,32,61,32,34,89,111,117,32,97,108,114,101,97,100,121,32,102,111,117,103,104,116,32,116,104,101,32,98,111,115,115,32,116,104,105,115,32,104,111,117,114,33,32,65,117,116,111,32,66,111,115,115,32,82,97,105,
100,32,115,116,111,112,112,101,100,46,34,44,13,10,9,9,9,9,9,9,9,9,9,68,117,114,97,116,105,111,110,32,61,32,53,44,32,73,99,111,110,32,61,32,34,56,53,50,55,57,55,52,54,53,49,53,57,55,52,34,125,41,13,10,9,9,9,9,9,9,9,101,110,100,13,10,9,9,9,9,9,9,9,108,111,99,97,108,32,99,104,97,114,97,99,116,101,114,32,61,
32,103,97,109,101,58,71,101,116,83,101,114,118,105,99,101,40,34,80,108,97,121,101,114,115,34,41,46,76,111,99,97,108,80,108,97,121,101,114,46,67,104,97,114,97,99,116,101,114,13,10,9,9,9,9,9,9,9,105,102,32,103,101,116,103,101,110,118,40,41,46,66,111,115,115,79,114,105,103,105,110,97,108,67,70,114,97,109,101,32,97,110,100,32,99,104,97,114,97,99,
116,101,114,32,116,104,101,110,13,10,9,9,9,9,9,9,9,9,99,104,97,114,97,99,116,101,114,58,80,105,118,111,116,84,111,40,103,101,116,103,101,110,118,40,41,46,66,111,115,115,79,114,105,103,105,110,97,108,67,70,114,97,109,101,41,13,10,9,9,9,9,9,9,9,9,103,101,116,103,101,110,118,40,41,46,66,111,115,115,79,114,105,103,105,110,97,108,67,70,114,
97,109,101,32,61,32,110,105,108,13,10,9,9,9,9,9,9,9,101,110,100,13,10,9,9,9,9,9,9,9,99,111,110,116,105,110,117,101,13,10,9,9,9,9,9,9,101,110,100,13,10,9,9,9,9,9,9,108,111,99,97,108,32,105,110,66,97,116,116,108,101,32,61,32,101,113,117,105,112,66,116,110,32,111,114,32,98,97,116,116,108,101,66,116,110,32,111,114,32,97,
117,116,111,82,101,112,108,97,121,66,116,110,32,111,114,32,115,104,111,119,66,97,116,116,108,101,66,116,110,13,10,9,9,9,9,9,9,105,102,32,110,111,116,32,105,110,66,97,116,116,108,101,32,116,104,101,110,13,10,9,9,9,9,9,9,9,108,111,99,97,108,32,98,111,115,115,80,114,111,109,112,116,13,10,9,9,9,9,9,9,9,108,111,99,97,108,32,112,111,114,
116,97,108,80,114,111,109,112,116,13,10,9,9,9,9,9,9,9,108,111,99,97,108,32,99,111,111,108,100,111,119,110,84,101,120,116,32,61,32,110,105,108,13,10,9,9,9,9,9,9,9,102,111,114,32,95,44,32,112,32,105,110,32,105,112,97,105,114,115,40,119,111,114,107,115,112,97,99,101,58,71,101,116,68,101,115,99,101,110,100,97,110,116,115,40,41,41,32,100,111,
13,10,9,9,9,9,9,9,9,9,105,102,32,112,58,73,115,65,40,34,84,101,120,116,76,97,98,101,108,34,41,32,111,114,32,112,58,73,115,65,40,34,84,101,120,116,66,117,116,116,111,110,34,41,32,116,104,101,110,13,10,9,9,9,9,9,9,9,9,9,108,111,99,97,108,32,109,97,116,99,104,32,61,32,115,116,114,105,110,103,46,109,97,116,99,104,40,112,46,84,
101,120,116,44,32,34,91,79,111,93,112,101,110,32,105,110,32,37,100,43,58,37,100,43,58,37,100,43,34,41,32,111,114,32,115,116,114,105,110,103,46,109,97,116,99,104,40,112,46,84,101,120,116,44,32,34,91,79,111,93,112,101,110,32,105,110,32,37,100,43,58,37,100,43,34,41,13,10,9,9,9,9,9,9,9,9,9,105,102,32,109,97,116,99,104,32,116,104,101,110,
13,10,9,9,9,9,9,9,9,9,9,9,99,111,111,108,100,111,119,110,84,101,120,116,32,61,32,109,97,116,99,104,13,10,9,9,9,9,9,9,9,9,9,101,110,100,13,10,9,9,9,9,9,9,9,9,101,110,100,13,10,9,9,9,9,9,9,9,9,105,102,32,112,58,73,115,65,40,34,80,114,111,120,105,109,105,116,121,80,114,111,109,112,116,34,41,32,116,104,101,
110,13,10,9,9,9,9,9,9,9,9,9,108,111,99,97,108,32,112,84,101,120,116,32,61,32,115,116,114,105,110,103,46,117,112,112,101,114,40,13,10,9,9,9,9,9,9,9,9,9,9,112,46,65,99,116,105,111,110,84,101,120,116,32,46,46,32,34,32,34,32,46,46,32,112,46,79,98,106,101,99,116,84,101,120,116,32,46,46,32,34,32,34,32,46,46,32,40,112,46,
80,97,114,101,110,116,32,97,110,100,32,112,46,80,97,114,101,110,116,46,78,97,109,101,32,111,114,32,34,34,41,13,10,9,9,9,9,9,9,9,9,9,41,13,10,9,9,9,9,9,9,9,9,9,105,102,32,115,116,114,105,110,103,46,102,105,110,100,40,112,84,101,120,116,44,32,34,66,79,83,83,32,82,65,73,68,34,41,32,97,110,100,32,115,116,114,105,110,103,46,
102,105,110,100,40,112,84,101,120,116,44,32,34,84,69,76,69,80,79,82,84,34,41,32,116,104,101,110,13,10,9,9,9,9,9,9,9,9,9,9,112,111,114,116,97,108,80,114,111,109,112,116,32,61,32,112,13,10,9,9,9,9,9,9,9,9,9,101,108,115,101,105,102,13,10,9,9,9,9,9,9,9,9,9,9,110,111,116,32,115,116,114,105,110,103,46,102,105,110,100,
40,112,84,101,120,116,44,32,34,83,72,79,80,34,41,13,10,9,9,9,9,9,9,9,9,9,9,97,110,100,32,110,111,116,32,115,116,114,105,110,103,46,102,105,110,100,40,112,84,101,120,116,44,32,34,82,69,84,85,82,78,34,41,13,10,9,9,9,9,9,9,9,9,9,9,97,110,100,32,110,111,116,32,115,116,114,105,110,103,46,102,105,110,100,40,112,84,101,120,116,
44,32,34,66,65,67,75,34,41,13,10,9,9,9,9,9,9,9,9,9,9,97,110,100,32,110,111,116,32,115,116,114,105,110,103,46,102,105,110,100,40,112,84,101,120,116,44,32,34,84,69,76,69,80,79,82,84,34,41,13,10,9,9,9,9,9,9,9,9,9,116,104,101,110,13,10,9,9,9,9,9,9,9,9,9,9,105,102,13,10,9,9,9,9,9,9,9,9,9,9,
9,115,116,114,105,110,103,46,102,105,110,100,40,112,84,101,120,116,44,32,34,84,73,84,65,78,34,41,13,10,9,9,9,9,9,9,9,9,9,9,9,111,114,32,115,116,114,105,110,103,46,102,105,110,100,40,112,84,101,120,116,44,32,34,66,79,83,83,34,41,13,10,9,9,9,9,9,9,9,9,9,9,9,111,114,32,115,116,114,105,110,103,46,102,105,110,100,40,112,84,
101,120,116,44,32,34,82,65,73,68,34,41,13,10,9,9,9,9,9,9,9,9,9,9,9,111,114,32,115,116,114,105,110,103,46,102,105,110,100,40,112,84,101,120,116,44,32,34,70,73,71,72,84,34,41,13,10,9,9,9,9,9,9,9,9,9,9,116,104,101,110,13,10,9,9,9,9,9,9,9,9,9,9,9,98,111,115,115,80,114,111,109,112,116,32,61,32,112,13,10,
9,9,9,9,9,9,9,9,9,9,101,110,100,13,10,9,9,9,9,9,9,9,9,9,101,110,100,13,10,9,9,9,9,9,9,9,9,101,110,100,13,10,9,9,9,9,9,9,9,101,110,100,13,10,9,9,9,9,9,9,9,108,111,99,97,108,32,116,97,114,103,101,116,80,114,111,109,112,116,32,61,32,98,111,115,115,80,114,111,109,112,116,32,111,114,32,112,111,114,116,
97,108,80,114,111,109,112,116,13,10,9,9,9,9,9,9,9,105,102,32,99,111,111,108,100,111,119,110,84,101,120,116,32,116,104,101,110,13,10,9,9,9,9,9,9,9,9,105,102,32,110,111,116,32,103,101,116,103,101,110,118,40,41,46,76,97,115,116,66,111,115,115,67,111,111,108,100,111,119,110,78,111,116,105,102,121,32,111,114,32,40,116,105,99,107,40,41,32,45,32,
103,101,116,103,101,110,118,40,41,46,76,97,115,116,66,111,115,115,67,111,111,108,100,111,119,110,78,111,116,105,102,121,32,62,32,54,48,41,32,116,104,101,110,13,10,9,9,9,9,9,9,9,9,9,105,102,32,76,105,98,114,97,114,121,32,97,110,100,32,76,105,98,114,97,114,121,46,78,111,116,105,102,105,99,97,116,105,111,110,32,116,104,101,110,13,10,9,9,9,9,
9,9,9,9,9,9,76,105,98,114,97,114,121,58,78,111,116,105,102,105,99,97,116,105,111,110,40,123,32,84,105,116,108,101,32,61,32,34,65,117,116,111,32,66,111,115,115,32,82,97,105,100,34,44,32,68,101,115,99,114,105,112,116,105,111,110,32,61,32,34,87,97,105,116,105,110,103,58,32,34,32,46,46,32,99,111,111,108,100,111,119,110,84,101,120,116,44,32,68,117,
114,97,116,105,111,110,32,61,32,53,44,32,73,99,111,110,32,61,32,34,56,53,50,55,57,55,52,54,53,49,53,57,55,52,34,125,41,13,10,9,9,9,9,9,9,9,9,9,101,110,100,13,10,9,9,9,9,9,9,9,9,9,103,101,116,103,101,110,118,40,41,46,76,97,115,116,66,111,115,115,67,111,111,108,100,111,119,110,78,111,116,105,102,121,32,61,32,116,105,99,
107,40,41,13,10,9,9,9,9,9,9,9,9,101,110,100,13,10,9,9,9,9,9,9,9,9,108,111,99,97,108,32,99,104,97,114,97,99,116,101,114,32,61,32,103,97,109,101,58,71,101,116,83,101,114,118,105,99,101,40,34,80,108,97,121,101,114,115,34,41,46,76,111,99,97,108,80,108,97,121,101,114,46,67,104,97,114,97,99,116,101,114,13,10,9,9,9,9,9,9,
9,9,105,102,32,103,101,116,103,101,110,118,40,41,46,66,111,115,115,79,114,105,103,105,110,97,108,67,70,114,97,109,101,32,97,110,100,32,99,104,97,114,97,99,116,101,114,32,116,104,101,110,13,10,9,9,9,9,9,9,9,9,9,99,104,97,114,97,99,116,101,114,58,80,105,118,111,116,84,111,40,103,101,116,103,101,110,118,40,41,46,66,111,115,115,79,114,105,103,105,
110,97,108,67,70,114,97,109,101,41,13,10,9,9,9,9,9,9,9,9,9,103,101,116,103,101,110,118,40,41,46,66,111,115,115,79,114,105,103,105,110,97,108,67,70,114,97,109,101,32,61,32,110,105,108,13,10,9,9,9,9,9,9,9,9,101,110,100,13,10,9,9,9,9,9,9,9,9,116,97,115,107,46,119,97,105,116,40,49,41,13,10,9,9,9,9,9,9,9,101,
108,115,101,105,102,32,116,97,114,103,101,116,80,114,111,109,112,116,32,116,104,101,110,13,10,9,9,9,9,9,9,9,9,112,99,97,108,108,40,102,117,110,99,116,105,111,110,40,41,13,10,9,9,9,9,9,9,9,9,9,108,111,99,97,108,32,104,114,112,32,61,32,103,97,109,101,58,71,101,116,83,101,114,118,105,99,101,40,34,80,108,97,121,101,114,115,34,41,46,76,
111,99,97,108,80,108,97,121,101,114,46,67,104,97,114,97,99,116,101,114,13,10,9,9,9,9,9,9,9,9,9,9,97,110,100,32,103,97,109,101,58,71,101,116,83,101,114,118,105,99,101,40,34,80,108,97,121,101,114,115,34,41,46,76,111,99,97,108,80,108,97,121,101,114,46,67,104,97,114,97,99,116,101,114,13,10,9,9,9,9,9,9,9,9,9,9,9,58,70,105,
110,100,70,105,114,115,116,67,104,105,108,100,40,34,72,117,109,97,110,111,105,100,82,111,111,116,80,97,114,116,34,41,13,10,9,9,9,9,9,9,9,9,9,105,102,32,104,114,112,32,116,104,101,110,13,10,9,9,9,9,9,9,9,9,9,9,108,111,99,97,108,32,116,97,114,103,101,116,80,111,115,13,10,9,9,9,9,9,9,9,9,9,9,105,102,32,116,97,114,103,
101,116,80,114,111,109,112,116,46,80,97,114,101,110,116,58,73,115,65,40,34,66,97,115,101,80,97,114,116,34,41,32,116,104,101,110,13,10,9,9,9,9,9,9,9,9,9,9,9,116,97,114,103,101,116,80,111,115,32,61,32,116,97,114,103,101,116,80,114,111,109,112,116,46,80,97,114,101,110,116,46,80,111,115,105,116,105,111,110,13,10,9,9,9,9,9,9,9,9,9,
9,101,108,115,101,105,102,32,116,97,114,103,101,116,80,114,111,109,112,116,46,80,97,114,101,110,116,58,73,115,65,40,34,65,116,116,97,99,104,109,101,110,116,34,41,32,116,104,101,110,13,10,9,9,9,9,9,9,9,9,9,9,9,116,97,114,103,101,116,80,111,115,32,61,32,116,97,114,103,101,116,80,114,111,109,112,116,46,80,97,114,101,110,116,46,87,111,114,108,100,
80,111,115,105,116,105,111,110,13,10,9,9,9,9,9,9,9,9,9,9,101,108,115,101,105,102,32,116,97,114,103,101,116,80,114,111,109,112,116,46,80,97,114,101,110,116,58,73,115,65,40,34,77,111,100,101,108,34,41,32,97,110,100,32,116,97,114,103,101,116,80,114,111,109,112,116,46,80,97,114,101,110,116,46,80,114,105,109,97,114,121,80,97,114,116,32,116,104,101,110,
13,10,9,9,9,9,9,9,9,9,9,9,9,116,97,114,103,101,116,80,111,115,32,61,32,116,97,114,103,101,116,80,114,111,109,112,116,46,80,97,114,101,110,116,46,80,114,105,109,97,114,121,80,97,114,116,46,80,111,115,105,116,105,111,110,13,10,9,9,9,9,9,9,9,9,9,9,101,110,100,13,10,9,9,9,9,9,9,9,9,9,9,105,102,32,116,97,114,103,101,
116,80,111,115,32,116,104,101,110,13,10,9,9,9,9,9,9,9,9,9,9,9,108,111,99,97,108,32,99,104,97,114,97,99,116,101,114,32,61,32,103,97,109,101,58,71,101,116,83,101,114,118,105,99,101,40,34,80,108,97,121,101,114,115,34,41,46,76,111,99,97,108,80,108,97,121,101,114,46,67,104,97,114,97,99,116,101,114,13,10,9,9,9,9,9,9,9,9,9,9,
9,105,102,32,40,104,114,112,46,80,111,115,105,116,105,111,110,32,45,32,116,97,114,103,101,116,80,111,115,41,46,77,97,103,110,105,116,117,100,101,32,62,32,49,53,32,116,104,101,110,13,10,9,9,9,9,9,9,9,9,9,9,9,9,105,102,32,110,111,116,32,103,101,116,103,101,110,118,40,41,46,66,111,115,115,79,114,105,103,105,110,97,108,67,70,114,97,109,101,32,
116,104,101,110,13,10,9,9,9,9,9,9,9,9,9,9,9,9,9,103,101,116,103,101,110,118,40,41,46,66,111,115,115,79,114,105,103,105,110,97,108,67,70,114,97,109,101,32,61,32,99,104,97,114,97,99,116,101,114,58,71,101,116,80,105,118,111,116,40,41,13,10,9,9,9,9,9,9,9,9,9,9,9,9,101,110,100,13,10,9,9,9,9,9,9,9,9,9,9,9,
9,99,104,97,114,97,99,116,101,114,58,80,105,118,111,116,84,111,40,67,70,114,97,109,101,46,110,101,119,40,116,97,114,103,101,116,80,111,115,41,32,43,32,86,101,99,116,111,114,51,46,110,101,119,40,48,44,32,51,44,32,48,41,41,13,10,9,9,9,9,9,9,9,9,9,9,9,9,116,97,115,107,46,119,97,105,116,40,48,46,49,41,13,10,9,9,9,9,9,9,
9,9,9,9,9,101,110,100,13,10,9,9,9,9,9,9,9,9,9,9,101,110,100,13,10,9,9,9,9,9,9,9,9,9,101,110,100,13,10,9,9,9,9,9,9,9,9,9,116,97,114,103,101,116,80,114,111,109,112,116,46,82,101,113,117,105,114,101,115,76,105,110,101,79,102,83,105,103,104,116,32,61,32,102,97,108,115,101,13,10,9,9,9,9,9,9,9,9,9,116,
97,114,103,101,116,80,114,111,109,112,116,46,77,97,120,65,99,116,105,118,97,116,105,111,110,68,105,115,116,97,110,99,101,32,61,32,57,57,57,57,57,13,10,9,9,9,9,9,9,9,9,9,102,105,114,101,112,114,111,120,105,109,105,116,121,112,114,111,109,112,116,40,116,97,114,103,101,116,80,114,111,109,112,116,41,13,10,9,9,9,9,9,9,9,9,101,110,100,41,13,
10,9,9,9,9,9,9,9,9,116,97,115,107,46,119,97,105,116,40,48,46,53,41,13,10,9,9,9,9,9,9,9,9,112,99,97,108,108,40,102,117,110,99,116,105,111,110,40,41,13,10,9,9,9,9,9,9,9,9,9,108,111,99,97,108,32,104,114,112,32,61,32,103,97,109,101,58,71,101,116,83,101,114,118,105,99,101,40,34,80,108,97,121,101,114,115,34,41,46,76,
111,99,97,108,80,108,97,121,101,114,46,67,104,97,114,97,99,116,101,114,32,97,110,100,32,103,97,109,101,58,71,101,116,83,101,114,118,105,99,101,40,34,80,108,97,121,101,114,115,34,41,46,76,111,99,97,108,80,108,97,121,101,114,46,67,104,97,114,97,99,116,101,114,58,70,105,110,100,70,105,114,115,116,67,104,105,108,100,40,34,72,117,109,97,110,111,105,100,82,111,
111,116,80,97,114,116,34,41,13,10,9,9,9,9,9,9,9,9,9,105,102,32,104,114,112,32,97,110,100,32,116,97,114,103,101,116,80,114,111,109,112,116,32,97,110,100,32,116,97,114,103,101,116,80,114,111,109,112,116,46,80,97,114,101,110,116,32,116,104,101,110,13,10,9,9,9,9,9,9,9,9,9,9,108,111,99,97,108,32,116,97,114,103,101,116,80,111,115,13,10,
9,9,9,9,9,9,9,9,9,9,105,102,32,116,97,114,103,101,116,80,114,111,109,112,116,46,80,97,114,101,110,116,58,73,115,65,40,34,66,97,115,101,80,97,114,116,34,41,32,116,104,101,110,32,116,97,114,103,101,116,80,111,115,32,61,32,116,97,114,103,101,116,80,114,111,109,112,116,46,80,97,114,101,110,116,46,80,111,115,105,116,105,111,110,13,10,9,9,9,9,
9,9,9,9,9,9,101,108,115,101,105,102,32,116,97,114,103,101,116,80,114,111,109,112,116,46,80,97,114,101,110,116,58,73,115,65,40,34,65,116,116,97,99,104,109,101,110,116,34,41,32,116,104,101,110,32,116,97,114,103,101,116,80,111,115,32,61,32,116,97,114,103,101,116,80,114,111,109,112,116,46,80,97,114,101,110,116,46,87,111,114,108,100,80,111,115,105,116,105,111,
110,13,10,9,9,9,9,9,9,9,9,9,9,101,108,115,101,105,102,32,116,97,114,103,101,116,80,114,111,109,112,116,46,80,97,114,101,110,116,58,73,115,65,40,34,77,111,100,101,108,34,41,32,97,110,100,32,116,97,114,103,101,116,80,114,111,109,112,116,46,80,97,114,101,110,116,46,80,114,105,109,97,114,121,80,97,114,116,32,116,104,101,110,32,116,97,114,103,101,116,
80,111,115,32,61,32,116,97,114,103,101,116,80,114,111,109,112,116,46,80,97,114,101,110,116,46,80,114,105,109,97,114,121,80,97,114,116,46,80,111,115,105,116,105,111,110,32,101,110,100,13,10,9,9,9,9,9,9,9,9,9,9,13,10,9,9,9,9,9,9,9,9,9,9,105,102,32,116,97,114,103,101,116,80,111,115,32,97,110,100,32,40,104,114,112,46,80,111,115,105,
116,105,111,110,32,45,32,116,97,114,103,101,116,80,111,115,41,46,77,97,103,110,105,116,117,100,101,32,60,32,51,48,32,116,104,101,110,13,10,9,9,9,9,9,9,9,9,9,9,9,116,97,115,107,46,119,97,105,116,40,49,48,41,13,10,9,9,9,9,9,9,9,9,9,9,101,110,100,13,10,9,9,9,9,9,9,9,9,9,101,110,100,13,10,9,9,9,9,9,9,
9,9,101,110,100,41,13,10,9,9,9,9,9,9,9,101,110,100,13,10,9,9,9,9,9,9,101,110,100,13,10,9,9,9,9,9,9,105,102,32,100,105,102,102,66,116,110,32,97,110,100,32,110,111,116,32,40,97,117,116,111,82,101,112,108,97,121,66,116,110,32,111,114,32,115,104,111,119,66,97,116,116,108,101,66,116,110,41,32,116,104,101,110,13,10,9,9,9,9,9,
9,9,102,105,114,101,66,117,116,116,111,110,40,100,105,102,102,66,116,110,41,13,10,9,9,9,9,9,9,9,116,97,115,107,46,119,97,105,116,40,48,46,49,41,13,10,9,9,9,9,9,9,101,110,100,13,10,9,9,9,9,9,9,105,102,32,101,113,117,105,112,66,116,110,32,116,104,101,110,13,10,9,9,9,9,9,9,9,102,105,114,101,66,117,116,116,111,110,40,101,
113,117,105,112,66,116,110,41,13,10,9,9,9,9,9,9,9,116,97,115,107,46,119,97,105,116,40,48,46,49,41,13,10,9,9,9,9,9,9,101,110,100,13,10,9,9,9,9,9,9,105,102,32,98,97,116,116,108,101,66,116,110,32,116,104,101,110,13,10,9,9,9,9,9,9,9,102,105,114,101,66,117,116,116,111,110,40,98,97,116,116,108,101,66,116,110,41,13,10,9,
9,9,9,9,9,9,116,97,115,107,46,119,97,105,116,40,48,46,50,41,13,10,9,9,9,9,9,9,9,108,111,99,97,108,32,99,104,97,114,97,99,116,101,114,32,61,32,103,97,109,101,58,71,101,116,83,101,114,118,105,99,101,40,34,80,108,97,121,101,114,115,34,41,46,76,111,99,97,108,80,108,97,121,101,114,46,67,104,97,114,97,99,116,101,114,13,10,9,9,9,
9,9,9,9,105,102,32,103,101,116,103,101,110,118,40,41,46,66,111,115,115,79,114,105,103,105,110,97,108,67,70,114,97,109,101,32,97,110,100,32,99,104,97,114,97,99,116,101,114,32,116,104,101,110,13,10,9,9,9,9,9,9,9,9,99,104,97,114,97,99,116,101,114,58,80,105,118,111,116,84,111,40,103,101,116,103,101,110,118,40,41,46,66,111,115,115,79,114,105,103,
105,110,97,108,67,70,114,97,109,101,41,13,10,9,9,9,9,9,9,9,9,103,101,116,103,101,110,118,40,41,46,66,111,115,115,79,114,105,103,105,110,97,108,67,70,114,97,109,101,32,61,32,110,105,108,13,10,9,9,9,9,9,9,9,101,110,100,13,10,9,9,9,9,9,9,101,110,100,13,10,9,9,9,9,9,9,105,102,32,97,117,116,111,82,101,112,108,97,121,66,
116,110,32,116,104,101,110,13,10,9,9,9,9,9,9,9,108,111,99,97,108,32,99,111,108,111,114,32,61,32,97,117,116,111,82,101,112,108,97,121,66,116,110,46,66,97,99,107,103,114,111,117,110,100,67,111,108,111,114,51,13,10,9,9,9,9,9,9,9,105,102,13,10,9,9,9,9,9,9,9,9,97,117,116,111,82,101,112,108,97,121,66,116,110,46,66,97,99,107,103,
114,111,117,110,100,84,114,97,110,115,112,97,114,101,110,99,121,32,62,32,48,46,53,13,10,9,9,9,9,9,9,9,9,97,110,100,32,97,117,116,111,82,101,112,108,97,121,66,116,110,46,80,97,114,101,110,116,13,10,9,9,9,9,9,9,9,9,97,110,100,32,97,117,116,111,82,101,112,108,97,121,66,116,110,46,80,97,114,101,110,116,58,73,115,65,40,34,71,117,105,
79,98,106,101,99,116,34,41,13,10,9,9,9,9,9,9,9,116,104,101,110,13,10,9,9,9,9,9,9,9,9,99,111,108,111,114,32,61,32,97,117,116,111,82,101,112,108,97,121,66,116,110,46,80,97,114,101,110,116,46,66,97,99,107,103,114,111,117,110,100,67,111,108,111,114,51,13,10,9,9,9,9,9,9,9,101,110,100,13,10,9,9,9,9,9,9,9,105,102,13,
10,9,9,9,9,9,9,9,9,97,117,116,111,82,101,112,108,97,121,66,116,110,58,73,115,65,40,34,73,109,97,103,101,66,117,116,116,111,110,34,41,13,10,9,9,9,9,9,9,9,9,97,110,100,32,97,117,116,111,82,101,112,108,97,121,66,116,110,46,73,109,97,103,101,67,111,108,111,114,51,32,126,61,32,67,111,108,111,114,51,46,110,101,119,40,49,44,32,49,44,
32,49,41,13,10,9,9,9,9,9,9,9,116,104,101,110,13,10,9,9,9,9,9,9,9,9,99,111,108,111,114,32,61,32,97,117,116,111,82,101,112,108,97,121,66,116,110,46,73,109,97,103,101,67,111,108,111,114,51,13,10,9,9,9,9,9,9,9,101,110,100,13,10,9,9,9,9,9,9,9,108,111,99,97,108,32,105,115,71,114,101,101,110,32,61,32,40,99,111,108,
111,114,46,71,32,62,32,99,111,108,111,114,46,82,32,43,32,48,46,49,41,13,10,9,9,9,9,9,9,9,105,102,32,105,115,71,114,101,101,110,32,116,104,101,110,13,10,9,9,9,9,9,9,9,9,103,101,116,103,101,110,118,40,41,46,65,117,116,111,82,101,112,108,97,121,84,111,103,103,108,101,100,66,111,115,115,32,61,32,116,114,117,101,13,10,9,9,9,9,9,
9,9,101,108,115,101,105,102,32,110,111,116,32,103,101,116,103,101,110,118,40,41,46,65,117,116,111,82,101,112,108,97,121,84,111,103,103,108,101,100,66,111,115,115,32,116,104,101,110,13,10,9,9,9,9,9,9,9,9,102,105,114,101,66,117,116,116,111,110,40,97,117,116,111,82,101,112,108,97,121,66,116,110,41,13,10,9,9,9,9,9,9,9,9,103,101,116,103,101,110,
118,40,41,46,65,117,116,111,82,101,112,108,97,121,84,111,103,103,108,101,100,66,111,115,115,32,61,32,116,114,117,101,13,10,9,9,9,9,9,9,9,9,116,97,115,107,46,119,97,105,116,40,48,46,50,41,13,10,9,9,9,9,9,9,9,101,110,100,13,10,9,9,9,9,9,9,101,110,100,13,10,9,9,9,9,9,9,105,102,32,110,111,116,32,40,97,117,116,111,82,
101,112,108,97,121,66,116,110,32,111,114,32,115,104,111,119,66,97,116,116,108,101,66,116,110,32,111,114,32,104,105,100,101,66,97,116,116,108,101,66,116,110,41,32,116,104,101,110,13,10,9,9,9,9,9,9,9,103,101,116,103,101,110,118,40,41,46,65,117,116,111,82,101,112,108,97,121,84,111,103,103,108,101,100,66,111,115,115,32,61,32,102,97,108,115,101,13,10,9,9,
9,9,9,9,101,110,100,13,10,9,9,9,9,9,9,105,102,32,97,117,116,111,82,101,112,108,97,121,66,116,110,32,111,114,32,115,104,111,119,66,97,116,116,108,101,66,116,110,32,116,104,101,110,13,10,9,9,9,9,9,9,9,108,111,99,97,108,32,99,104,97,114,97,99,116,101,114,32,61,32,103,97,109,101,58,71,101,116,83,101,114,118,105,99,101,40,34,80,108,97,
121,101,114,115,34,41,46,76,111,99,97,108,80,108,97,121,101,114,46,67,104,97,114,97,99,116,101,114,13,10,9,9,9,9,9,9,9,105,102,32,103,101,116,103,101,110,118,40,41,46,66,111,115,115,79,114,105,103,105,110,97,108,67,70,114,97,109,101,32,97,110,100,32,99,104,97,114,97,99,116,101,114,32,116,104,101,110,13,10,9,9,9,9,9,9,9,9,99,104,97,
114,97,99,116,101,114,58,80,105,118,111,116,84,111,40,103,101,116,103,101,110,118,40,41,46,66,111,115,115,79,114,105,103,105,110,97,108,67,70,114,97,109,101,41,13,10,9,9,9,9,9,9,9,9,103,101,116,103,101,110,118,40,41,46,66,111,115,115,79,114,105,103,105,110,97,108,67,70,114,97,109,101,32,61,32,110,105,108,13,10,9,9,9,9,9,9,9,101,110,100,
13,10,9,9,9,9,9,9,101,110,100,13,10,9,9,9,9,9,9,105,102,32,104,105,100,101,66,97,116,116,108,101,66,116,110,32,116,104,101,110,13,10,9,9,9,9,9,9,9,102,105,114,101,66,117,116,116,111,110,40,104,105,100,101,66,97,116,116,108,101,66,116,110,41,13,10,9,9,9,9,9,9,9,116,97,115,107,46,119,97,105,116,40,48,46,50,41,13,10,9,
9,9,9,9,9,101,110,100,13,10,9,9,9,9,9,9,105,102,32,110,101,120,116,66,116,110,32,116,104,101,110,13,10,9,9,9,9,9,9,9,102,105,114,101,66,117,116,116,111,110,40,110,101,120,116,66,116,110,41,13,10,9,9,9,9,9,9,9,116,97,115,107,46,119,97,105,116,40,48,46,50,41,13,10,9,9,9,9,9,9,101,110,100,13,10,9,9,9,9,9,
9,105,102,32,112,108,97,121,66,116,110,32,116,104,101,110,13,10,9,9,9,9,9,9,9,102,105,114,101,66,117,116,116,111,110,40,112,108,97,121,66,116,110,41,13,10,9,9,9,9,9,9,9,116,97,115,107,46,119,97,105,116,40,48,46,50,41,13,10,9,9,9,9,9,9,101,110,100,13,10,9,9,9,9,9,101,110,100,13,10,9,9,9,9,9,116,97,115,107,46,
119,97,105,116,40,48,46,50,41,13,10,9,9,9,9,101,110,100,13,10,9,9,9,101,110,100,41,13,10,9,9,101,108,115,101,13,10,9,9,9,108,111,99,97,108,32,99,104,97,114,97,99,116,101,114,32,61,32,103,97,109,101,58,71,101,116,83,101,114,118,105,99,101,40,34,80,108,97,121,101,114,115,34,41,46,76,111,99,97,108,80,108,97,121,101,114,46,67,104,97,
114,97,99,116,101,114,13,10,9,9,9,105,102,32,103,101,116,103,101,110,118,40,41,46,66,111,115,115,79,114,105,103,105,110,97,108,67,70,114,97,109,101,32,97,110,100,32,99,104,97,114,97,99,116,101,114,32,116,104,101,110,13,10,9,9,9,9,99,104,97,114,97,99,116,101,114,58,80,105,118,111,116,84,111,40,103,101,116,103,101,110,118,40,41,46,66,111,115,115,79,
114,105,103,105,110,97,108,67,70,114,97,109,101,41,13,10,9,9,9,9,103,101,116,103,101,110,118,40,41,46,66,111,115,115,79,114,105,103,105,110,97,108,67,70,114,97,109,101,32,61,32,110,105,108,13,10,9,9,9,101,110,100,13,10,9,9,101,110,100,13,10,9,101,110,100,44,13,10,125,41,13,10,82,97,105,100,84,97,98,58,66,117,116,116,111,110,40,123,13,10,
9,78,97,109,101,32,61,32,34,67,104,101,99,107,32,66,111,115,115,32,82,97,105,100,32,67,111,111,108,100,111,119,110,34,44,13,10,9,67,97,108,108,98,97,99,107,32,61,32,102,117,110,99,116,105,111,110,40,41,13,10,9,9,108,111,99,97,108,32,102,111,117,110,100,84,105,109,101,114,32,61,32,102,97,108,115,101,13,10,9,9,112,99,97,108,108,40,102,117,110,
99,116,105,111,110,40,41,13,10,9,9,9,102,111,114,32,95,44,32,118,32,105,110,32,105,112,97,105,114,115,40,119,111,114,107,115,112,97,99,101,58,71,101,116,68,101,115,99,101,110,100,97,110,116,115,40,41,41,32,100,111,13,10,9,9,9,9,105,102,32,118,58,73,115,65,40,34,84,101,120,116,76,97,98,101,108,34,41,32,111,114,32,118,58,73,115,65,40,34,84,
101,120,116,66,117,116,116,111,110,34,41,32,116,104,101,110,13,10,9,9,9,9,9,105,102,32,115,116,114,105,110,103,46,102,105,110,100,40,118,46,84,101,120,116,44,32,34,37,100,43,58,37,100,43,58,37,100,43,34,41,32,111,114,32,115,116,114,105,110,103,46,102,105,110,100,40,118,46,84,101,120,116,44,32,34,37,100,43,58,37,100,43,34,41,32,116,104,101,110,13,
10,9,9,9,9,9,9,108,111,99,97,108,32,108,111,119,101,114,84,101,120,116,32,61,32,115,116,114,105,110,103,46,108,111,119,101,114,40,118,46,84,101,120,116,41,13,10,9,9,9,9,9,9,105,102,32,115,116,114,105,110,103,46,102,105,110,100,40,108,111,119,101,114,84,101,120,116,44,32,34,98,111,115,115,34,41,32,111,114,32,115,116,114,105,110,103,46,102,105,110,
100,40,108,111,119,101,114,84,101,120,116,44,32,34,114,97,105,100,34,41,32,116,104,101,110,13,10,9,9,9,9,9,9,9,105,102,32,76,105,98,114,97,114,121,32,97,110,100,32,76,105,98,114,97,114,121,46,78,111,116,105,102,105,99,97,116,105,111,110,32,116,104,101,110,13,10,9,9,9,9,9,9,9,9,76,105,98,114,97,114,121,58,78,111,116,105,102,105,99,97,
116,105,111,110,40,123,32,84,105,116,108,101,32,61,32,34,66,111,115,115,32,83,116,97,116,117,115,34,44,32,68,101,115,99,114,105,112,116,105,111,110,32,61,32,34,84,105,109,101,114,32,102,111,117,110,100,58,32,34,32,46,46,32,118,46,84,101,120,116,44,32,68,117,114,97,116,105,111,110,32,61,32,53,44,32,73,99,111,110,32,61,32,34,56,53,50,55,57,55,52,
54,53,49,53,57,55,52,34,125,41,13,10,9,9,9,9,9,9,9,101,110,100,13,10,9,9,9,9,9,9,9,102,111,117,110,100,84,105,109,101,114,32,61,32,116,114,117,101,13,10,9,9,9,9,9,9,9,98,114,101,97,107,13,10,9,9,9,9,9,9,101,108,115,101,105,102,32,118,46,80,97,114,101,110,116,32,97,110,100,32,40,115,116,114,105,110,103,46,102,105,
110,100,40,115,116,114,105,110,103,46,108,111,119,101,114,40,118,46,80,97,114,101,110,116,46,78,97,109,101,41,44,32,34,98,111,115,115,34,41,32,111,114,32,115,116,114,105,110,103,46,102,105,110,100,40,115,116,114,105,110,103,46,108,111,119,101,114,40,118,46,80,97,114,101,110,116,46,78,97,109,101,41,44,32,34,114,97,105,100,34,41,32,111,114,32,115,116,114,105,110,
103,46,102,105,110,100,40,115,116,114,105,110,103,46,108,111,119,101,114,40,118,46,80,97,114,101,110,116,46,78,97,109,101,41,44,32,34,116,105,109,101,114,34,41,41,32,116,104,101,110,13,10,9,9,9,9,9,9,9,105,102,32,76,105,98,114,97,114,121,32,97,110,100,32,76,105,98,114,97,114,121,46,78,111,116,105,102,105,99,97,116,105,111,110,32,116,104,101,110,13,
10,9,9,9,9,9,9,9,9,76,105,98,114,97,114,121,58,78,111,116,105,102,105,99,97,116,105,111,110,40,123,32,84,105,116,108,101,32,61,32,34,66,111,115,115,32,83,116,97,116,117,115,34,44,32,68,101,115,99,114,105,112,116,105,111,110,32,61,32,34,84,105,109,101,114,32,102,111,117,110,100,58,32,34,32,46,46,32,118,46,84,101,120,116,44,32,68,117,114,97,
116,105,111,110,32,61,32,53,44,32,73,99,111,110,32,61,32,34,56,53,50,55,57,55,52,54,53,49,53,57,55,52,34,125,41,13,10,9,9,9,9,9,9,9,101,110,100,13,10,9,9,9,9,9,9,9,102,111,117,110,100,84,105,109,101,114,32,61,32,116,114,117,101,13,10,9,9,9,9,9,9,9,98,114,101,97,107,13,10,9,9,9,9,9,9,101,110,100,13,10,
9,9,9,9,9,101,110,100,13,10,9,9,9,9,101,110,100,13,10,9,9,9,101,110,100,13,10,9,9,101,110,100,41,13,10,9,9,105,102,32,110,111,116,32,102,111,117,110,100,84,105,109,101,114,32,116,104,101,110,13,10,9,9,9,108,111,99,97,108,32,99,117,114,114,101,110,116,77,105,110,32,61,32,116,111,110,117,109,98,101,114,40,111,115,46,100,97,116,101,40,
34,37,77,34,41,41,13,10,9,9,9,108,111,99,97,108,32,109,105,110,84,111,78,101,120,116,72,111,117,114,32,61,32,54,48,32,45,32,99,117,114,114,101,110,116,77,105,110,13,10,9,9,9,105,102,32,76,105,98,114,97,114,121,32,97,110,100,32,76,105,98,114,97,114,121,46,78,111,116,105,102,105,99,97,116,105,111,110,32,116,104,101,110,13,10,9,9,9,9,76,
105,98,114,97,114,121,58,78,111,116,105,102,105,99,97,116,105,111,110,40,123,32,84,105,116,108,101,32,61,32,34,66,111,115,115,32,83,116,97,116,117,115,34,44,32,68,101,115,99,114,105,112,116,105,111,110,32,61,32,34,69,115,116,105,109,97,116,101,100,32,67,111,111,108,100,111,119,110,58,32,34,32,46,46,32,109,105,110,84,111,78,101,120,116,72,111,117,114,32,46,
46,32,34,32,109,105,110,115,32,40,67,104,101,99,107,32,112,111,114,116,97,108,32,102,111,114,32,101,120,97,99,116,41,34,44,32,68,117,114,97,116,105,111,110,32,61,32,53,44,32,73,99,111,110,32,61,32,34,56,53,50,55,57,55,52,54,53,49,53,57,55,52,34,125,41,13,10,9,9,9,101,110,100,13,10,9,9,101,110,100,13,10,9,101,110,100,44,13,10,125,
41,13,10,108,111,99,97,108,32,102,117,110,99,116,105,111,110,32,71,101,116,80,108,97,121,101,114,78,97,109,101,115,40,41,13,10,9,108,111,99,97,108,32,110,97,109,101,115,32,61,32,123,125,13,10,9,102,111,114,32,95,44,32,112,32,105,110,32,105,112,97,105,114,115,40,103,97,109,101,58,71,101,116,83,101,114,118,105,99,101,40,34,80,108,97,121,101,114,115,34,
41,58,71,101,116,80,108,97,121,101,114,115,40,41,41,32,100,111,13,10,9,9,105,102,32,112,32,126,61,32,103,97,109,101,58,71,101,116,83,101,114,118,105,99,101,40,34,80,108,97,121,101,114,115,34,41,46,76,111,99,97,108,80,108,97,121,101,114,32,116,104,101,110,13,10,9,9,9,116,97,98,108,101,46,105,110,115,101,114,116,40,110,97,109,101,115,44,32,112,46,
78,97,109,101,41,13,10,9,9,101,110,100,13,10,9,101,110,100,13,10,9,105,102,32,35,110,97,109,101,115,32,61,61,32,48,32,116,104,101,110,13,10,9,9,116,97,98,108,101,46,105,110,115,101,114,116,40,110,97,109,101,115,44,32,34,78,111,32,111,116,104,101,114,32,112,108,97,121,101,114,115,34,41,13,10,9,101,110,100,13,10,9,114,101,116,117,114,110,32,110,
97,109,101,115,13,10,101,110,100,13,10,103,101,116,103,101,110,118,40,41,46,83,101,108,101,99,116,101,100,84,114,97,100,101,80,108,97,121,101,114,32,61,32,34,34,13,10,108,111,99,97,108,32,84,114,97,100,101,80,108,97,121,101,114,68,114,111,112,100,111,119,110,32,61,32,84,114,97,100,101,84,97,98,58,68,114,111,112,100,111,119,110,40,123,32,70,108,97,103,32,
61,32,34,83,101,108,101,99,116,80,108,97,121,101,114,116,111,84,114,97,100,101,34,44,13,10,9,78,97,109,101,32,61,32,34,83,101,108,101,99,116,32,80,108,97,121,101,114,32,116,111,32,84,114,97,100,101,34,44,13,10,9,68,101,102,97,117,108,116,32,61,32,34,78,111,32,111,116,104,101,114,32,112,108,97,121,101,114,115,34,44,13,10,9,73,116,101,109,115,32,
61,32,71,101,116,80,108,97,121,101,114,78,97,109,101,115,40,41,44,13,10,9,67,97,108,108,98,97,99,107,32,61,32,102,117,110,99,116,105,111,110,40,86,97,108,117,101,41,13,10,9,9,103,101,116,103,101,110,118,40,41,46,83,101,108,101,99,116,101,100,84,114,97,100,101,80,108,97,121,101,114,32,61,32,86,97,108,117,101,13,10,9,101,110,100,44,13,10,125,41,
13,10,84,114,97,100,101,84,97,98,58,66,117,116,116,111,110,40,123,13,10,9,78,97,109,101,32,61,32,34,82,101,102,114,101,115,104,32,80,108,97,121,101,114,32,76,105,115,116,34,44,13,10,9,67,97,108,108,98,97,99,107,32,61,32,102,117,110,99,116,105,111,110,40,41,13,10,9,9,105,102,32,84,114,97,100,101,80,108,97,121,101,114,68,114,111,112,100,111,119,
110,32,97,110,100,32,84,114,97,100,101,80,108,97,121,101,114,68,114,111,112,100,111,119,110,46,82,101,102,114,101,115,104,32,116,104,101,110,13,10,9,9,9,112,99,97,108,108,40,102,117,110,99,116,105,111,110,40,41,13,10,9,9,9,9,84,114,97,100,101,80,108,97,121,101,114,68,114,111,112,100,111,119,110,58,82,101,102,114,101,115,104,40,71,101,116,80,108,97,121,
101,114,78,97,109,101,115,40,41,41,13,10,9,9,9,101,110,100,41,13,10,9,9,101,110,100,13,10,9,9,105,102,32,76,105,98,114,97,114,121,32,97,110,100,32,76,105,98,114,97,114,121,46,78,111,116,105,102,105,99,97,116,105,111,110,32,116,104,101,110,13,10,9,9,9,76,105,98,114,97,114,121,58,78,111,116,105,102,105,99,97,116,105,111,110,40,123,32,84,105,
116,108,101,32,61,32,34,84,114,97,100,101,34,44,32,68,101,115,99,114,105,112,116,105,111,110,32,61,32,34,80,108,97,121,101,114,32,108,105,115,116,32,114,101,102,114,101,115,104,101,100,33,34,44,32,68,117,114,97,116,105,111,110,32,61,32,51,44,32,73,99,111,110,32,61,32,34,56,53,50,55,57,55,52,54,53,49,53,57,55,52,34,125,41,13,10,9,9,101,110,
100,13,10,9,101,110,100,44,13,10,125,41,13,10,84,114,97,100,101,84,97,98,58,66,117,116,116,111,110,40,123,13,10,9,78,97,109,101,32,61,32,34,84,101,108,101,112,111,114,116,32,116,111,32,80,108,97,121,101,114,34,44,13,10,9,67,97,108,108,98,97,99,107,32,61,32,102,117,110,99,116,105,111,110,40,41,13,10,9,9,108,111,99,97,108,32,116,97,114,103,
101,116,78,97,109,101,32,61,32,103,101,116,103,101,110,118,40,41,46,83,101,108,101,99,116,101,100,84,114,97,100,101,80,108,97,121,101,114,13,10,9,9,105,102,32,116,97,114,103,101,116,78,97,109,101,32,97,110,100,32,116,97,114,103,101,116,78,97,109,101,32,126,61,32,34,34,32,97,110,100,32,116,97,114,103,101,116,78,97,109,101,32,126,61,32,34,78,111,32,111,
116,104,101,114,32,112,108,97,121,101,114,115,34,32,116,104,101,110,13,10,9,9,9,108,111,99,97,108,32,116,97,114,103,101,116,80,108,97,121,101,114,32,61,32,103,97,109,101,58,71,101,116,83,101,114,118,105,99,101,40,34,80,108,97,121,101,114,115,34,41,58,70,105,110,100,70,105,114,115,116,67,104,105,108,100,40,116,97,114,103,101,116,78,97,109,101,41,13,10,9,
9,9,105,102,13,10,9,9,9,9,116,97,114,103,101,116,80,108,97,121,101,114,13,10,9,9,9,9,97,110,100,32,116,97,114,103,101,116,80,108,97,121,101,114,46,67,104,97,114,97,99,116,101,114,13,10,9,9,9,9,97,110,100,32,116,97,114,103,101,116,80,108,97,121,101,114,46,67,104,97,114,97,99,116,101,114,58,70,105,110,100,70,105,114,115,116,67,104,105,108,
100,40,34,72,117,109,97,110,111,105,100,82,111,111,116,80,97,114,116,34,41,13,10,9,9,9,116,104,101,110,13,10,9,9,9,9,108,111,99,97,108,32,108,111,99,97,108,67,104,97,114,32,61,32,103,97,109,101,58,71,101,116,83,101,114,118,105,99,101,40,34,80,108,97,121,101,114,115,34,41,46,76,111,99,97,108,80,108,97,121,101,114,46,67,104,97,114,97,99,116,
101,114,13,10,9,9,9,9,105,102,32,108,111,99,97,108,67,104,97,114,32,97,110,100,32,108,111,99,97,108,67,104,97,114,58,70,105,110,100,70,105,114,115,116,67,104,105,108,100,40,34,72,117,109,97,110,111,105,100,82,111,111,116,80,97,114,116,34,41,32,116,104,101,110,13,10,9,9,9,9,9,108,111,99,97,108,67,104,97,114,58,80,105,118,111,116,84,111,40,116,
97,114,103,101,116,80,108,97,121,101,114,46,67,104,97,114,97,99,116,101,114,46,72,117,109,97,110,111,105,100,82,111,111,116,80,97,114,116,46,67,70,114,97,109,101,41,13,10,9,9,9,9,9,105,102,32,76,105,98,114,97,114,121,32,97,110,100,32,76,105,98,114,97,114,121,46,78,111,116,105,102,105,99,97,116,105,111,110,32,116,104,101,110,13,10,9,9,9,9,9,
9,76,105,98,114,97,114,121,58,78,111,116,105,102,105,99,97,116,105,111,110,40,123,32,84,105,116,108,101,32,61,32,34,84,114,97,100,101,34,44,32,68,101,115,99,114,105,112,116,105,111,110,32,61,32,34,84,101,108,101,112,111,114,116,101,100,32,116,111,32,34,32,46,46,32,116,97,114,103,101,116,78,97,109,101,44,32,68,117,114,97,116,105,111,110,32,61,32,51,44,
32,73,99,111,110,32,61,32,34,56,53,50,55,57,55,52,54,53,49,53,57,55,52,34,125,41,13,10,9,9,9,9,9,101,110,100,13,10,9,9,9,9,101,110,100,13,10,9,9,9,101,108,115,101,13,10,9,9,9,9,105,102,32,76,105,98,114,97,114,121,32,97,110,100,32,76,105,98,114,97,114,121,46,78,111,116,105,102,105,99,97,116,105,111,110,32,116,104,101,110,
13,10,9,9,9,9,9,76,105,98,114,97,114,121,58,78,111,116,105,102,105,99,97,116,105,111,110,40,123,32,84,105,116,108,101,32,61,32,34,84,114,97,100,101,34,44,32,68,101,115,99,114,105,112,116,105,111,110,32,61,32,34,80,108,97,121,101,114,32,110,111,116,32,102,111,117,110,100,32,111,114,32,100,101,97,100,33,34,44,32,68,117,114,97,116,105,111,110,32,61,
32,51,44,32,73,99,111,110,32,61,32,34,56,53,50,55,57,55,52,54,53,49,53,57,55,52,34,125,41,13,10,9,9,9,9,101,110,100,13,10,9,9,9,101,110,100,13,10,9,9,101,108,115,101,13,10,9,9,9,105,102,32,76,105,98,114,97,114,121,32,97,110,100,32,76,105,98,114,97,114,121,46,78,111,116,105,102,105,99,97,116,105,111,110,32,116,104,101,110,13,
10,9,9,9,9,76,105,98,114,97,114,121,58,78,111,116,105,102,105,99,97,116,105,111,110,40,123,32,84,105,116,108,101,32,61,32,34,84,114,97,100,101,34,44,32,68,101,115,99,114,105,112,116,105,111,110,32,61,32,34,80,108,101,97,115,101,32,115,101,108,101,99,116,32,97,32,118,97,108,105,100,32,112,108,97,121,101,114,32,102,105,114,115,116,33,34,44,32,68,117,
114,97,116,105,111,110,32,61,32,51,44,32,73,99,111,110,32,61,32,34,56,53,50,55,57,55,52,54,53,49,53,57,55,52,34,125,41,13,10,9,9,9,101,110,100,13,10,9,9,101,110,100,13,10,9,101,110,100,44,13,10,125,41,13,10,13,10,108,111,99,97,108,32,102,117,110,99,116,105,111,110,32,71,101,116,73,110,118,101,110,116,111,114,121,67,97,114,100,115,70,
111,114,84,114,97,100,101,40,41,13,10,9,108,111,99,97,108,32,112,108,97,121,101,114,32,61,32,103,97,109,101,58,71,101,116,83,101,114,118,105,99,101,40,34,80,108,97,121,101,114,115,34,41,46,76,111,99,97,108,80,108,97,121,101,114,13,10,9,108,111,99,97,108,32,105,110,118,101,110,116,111,114,121,32,61,32,123,125,13,10,9,108,111,99,97,108,32,102,117,110,
99,116,105,111,110,32,115,99,97,110,70,111,108,100,101,114,40,102,111,108,100,101,114,41,13,10,9,9,105,102,32,110,111,116,32,102,111,108,100,101,114,32,116,104,101,110,32,114,101,116,117,114,110,32,101,110,100,13,10,9,9,102,111,114,32,95,44,32,105,116,101,109,32,105,110,32,105,112,97,105,114,115,40,102,111,108,100,101,114,58,71,101,116,67,104,105,108,100,114,101,
110,40,41,41,32,100,111,13,10,9,9,9,105,102,32,105,116,101,109,58,73,115,65,40,34,84,111,111,108,34,41,32,116,104,101,110,13,10,9,9,9,9,108,111,99,97,108,32,105,115,67,97,114,100,32,61,32,105,116,101,109,58,71,101,116,65,116,116,114,105,98,117,116,101,40,34,67,97,114,100,78,97,109,101,34,41,32,126,61,32,110,105,108,13,10,9,9,9,9,108,
111,99,97,108,32,105,115,80,97,99,107,32,61,32,105,116,101,109,58,71,101,116,65,116,116,114,105,98,117,116,101,40,34,84,101,109,112,108,97,116,101,78,97,109,101,34,41,32,126,61,32,110,105,108,13,10,9,9,9,9,105,102,32,105,115,67,97,114,100,32,111,114,32,105,115,80,97,99,107,32,116,104,101,110,13,10,9,9,9,9,9,108,111,99,97,108,32,114,97,114,
105,116,121,65,116,116,114,32,61,32,105,116,101,109,58,71,101,116,65,116,116,114,105,98,117,116,101,40,34,82,97,114,105,116,121,34,41,32,111,114,32,105,116,101,109,58,71,101,116,65,116,116,114,105,98,117,116,101,40,34,67,97,114,100,71,114,97,100,101,34,41,13,10,9,9,9,9,9,105,102,32,110,111,116,32,114,97,114,105,116,121,65,116,116,114,32,97,110,100,32,
105,116,101,109,58,70,105,110,100,70,105,114,115,116,67,104,105,108,100,40,34,82,97,114,105,116,121,34,41,32,97,110,100,32,105,116,101,109,46,82,97,114,105,116,121,58,73,115,65,40,34,83,116,114,105,110,103,86,97,108,117,101,34,41,32,116,104,101,110,13,10,9,9,9,9,9,9,114,97,114,105,116,121,65,116,116,114,32,61,32,105,116,101,109,46,82,97,114,105,116,
121,46,86,97,108,117,101,13,10,9,9,9,9,9,101,110,100,13,10,9,9,9,9,9,108,111,99,97,108,32,99,97,114,100,78,97,109,101,32,61,32,105,116,101,109,58,71,101,116,65,116,116,114,105,98,117,116,101,40,34,67,97,114,100,78,97,109,101,34,41,32,111,114,32,105,116,101,109,58,71,101,116,65,116,116,114,105,98,117,116,101,40,34,84,101,109,112,108,97,116,
101,78,97,109,101,34,41,32,111,114,32,105,116,101,109,46,78,97,109,101,13,10,9,9,9,9,9,108,111,99,97,108,32,109,117,116,97,116,105,111,110,32,61,32,105,116,101,109,58,71,101,116,65,116,116,114,105,98,117,116,101,40,34,77,117,116,97,116,105,111,110,34,41,32,111,114,32,105,116,101,109,58,71,101,116,65,116,116,114,105,98,117,116,101,40,34,67,97,114,100,
77,117,116,97,116,105,111,110,34,41,32,111,114,32,34,78,111,114,109,97,108,34,13,10,9,9,9,9,9,105,102,32,110,111,116,32,105,116,101,109,58,71,101,116,65,116,116,114,105,98,117,116,101,40,34,77,117,116,97,116,105,111,110,34,41,32,97,110,100,32,110,111,116,32,105,116,101,109,58,71,101,116,65,116,116,114,105,98,117,116,101,40,34,67,97,114,100,77,117,116,
97,116,105,111,110,34,41,32,97,110,100,32,105,116,101,109,58,70,105,110,100,70,105,114,115,116,67,104,105,108,100,40,34,77,117,116,97,116,105,111,110,34,41,32,97,110,100,32,105,116,101,109,46,77,117,116,97,116,105,111,110,58,73,115,65,40,34,83,116,114,105,110,103,86,97,108,117,101,34,41,32,116,104,101,110,13,10,9,9,9,9,9,9,109,117,116,97,116,105,111,
110,32,61,32,105,116,101,109,46,77,117,116,97,116,105,111,110,46,86,97,108,117,101,13,10,9,9,9,9,9,101,110,100,13,10,13,10,9,9,9,9,9,108,111,99,97,108,32,112,114,101,102,105,120,32,61,32,34,34,13,10,9,9,9,9,9,105,102,32,114,97,114,105,116,121,65,116,116,114,32,97,110,100,32,114,97,114,105,116,121,65,116,116,114,32,126,61,32,34,85,
110,107,110,111,119,110,34,32,116,104,101,110,32,112,114,101,102,105,120,32,61,32,116,111,115,116,114,105,110,103,40,114,97,114,105,116,121,65,116,116,114,41,32,101,110,100,13,10,9,9,9,9,9,105,102,32,109,117,116,97,116,105,111,110,32,97,110,100,32,109,117,116,97,116,105,111,110,32,126,61,32,34,78,111,114,109,97,108,34,32,116,104,101,110,32,112,114,101,102,105,
120,32,61,32,40,112,114,101,102,105,120,32,61,61,32,34,34,41,32,97,110,100,32,116,111,115,116,114,105,110,103,40,109,117,116,97,116,105,111,110,41,32,111,114,32,40,112,114,101,102,105,120,32,46,46,32,34,32,45,32,34,32,46,46,32,116,111,115,116,114,105,110,103,40,109,117,116,97,116,105,111,110,41,41,32,101,110,100,13,10,9,9,9,9,9,108,111,99,97,108,
32,107,101,121,32,61,32,116,111,115,116,114,105,110,103,40,99,97,114,100,78,97,109,101,41,13,10,9,9,9,9,9,105,102,32,112,114,101,102,105,120,32,126,61,32,34,34,32,116,104,101,110,32,107,101,121,32,61,32,34,91,34,32,46,46,32,112,114,101,102,105,120,32,46,46,32,34,93,32,34,32,46,46,32,107,101,121,32,101,110,100,13,10,13,10,9,9,9,9,9,
105,102,32,110,111,116,32,105,110,118,101,110,116,111,114,121,91,107,101,121,93,32,116,104,101,110,32,105,110,118,101,110,116,111,114,121,91,107,101,121,93,32,61,32,48,32,101,110,100,13,10,9,9,9,9,9,105,110,118,101,110,116,111,114,121,91,107,101,121,93,32,61,32,105,110,118,101,110,116,111,114,121,91,107,101,121,93,32,43,32,49,13,10,9,9,9,9,101,110,100,
13,10,9,9,9,101,110,100,13,10,9,9,101,110,100,13,10,9,101,110,100,13,10,9,112,99,97,108,108,40,102,117,110,99,116,105,111,110,40,41,13,10,9,9,115,99,97,110,70,111,108,100,101,114,40,112,108,97,121,101,114,58,70,105,110,100,70,105,114,115,116,67,104,105,108,100,40,34,66,97,99,107,112,97,99,107,34,41,41,13,10,9,9,105,102,32,112,108,97,121,
101,114,46,67,104,97,114,97,99,116,101,114,32,116,104,101,110,32,115,99,97,110,70,111,108,100,101,114,40,112,108,97,121,101,114,46,67,104,97,114,97,99,116,101,114,41,32,101,110,100,13,10,9,101,110,100,41,13,10,13,10,9,108,111,99,97,108,32,108,105,115,116,32,61,32,123,125,13,10,9,102,111,114,32,107,101,121,44,32,99,111,117,110,116,32,105,110,32,112,97,
105,114,115,40,105,110,118,101,110,116,111,114,121,41,32,100,111,13,10,9,9,116,97,98,108,101,46,105,110,115,101,114,116,40,108,105,115,116,44,32,116,111,115,116,114,105,110,103,40,99,111,117,110,116,41,32,46,46,32,34,120,32,124,32,34,32,46,46,32,107,101,121,41,13,10,9,101,110,100,13,10,9,105,102,32,35,108,105,115,116,32,61,61,32,48,32,116,104,101,110,
32,116,97,98,108,101,46,105,110,115,101,114,116,40,108,105,115,116,44,32,34,78,111,32,99,97,114,100,115,32,102,111,117,110,100,34,41,32,101,110,100,13,10,9,114,101,116,117,114,110,32,108,105,115,116,13,10,101,110,100,13,10,13,10,103,101,116,103,101,110,118,40,41,46,83,101,108,101,99,116,101,100,84,114,97,100,101,67,97,114,100,115,32,61,32,123,125,13,10,108,
111,99,97,108,32,84,114,97,100,101,67,97,114,100,115,68,114,111,112,100,111,119,110,13,10,108,111,99,97,108,32,83,101,108,101,99,116,101,100,67,97,114,100,115,76,97,98,101,108,32,61,32,84,114,97,100,101,84,97,98,58,76,97,98,101,108,40,34,83,101,108,101,99,116,101,100,58,32,78,111,110,101,34,41,13,10,84,114,97,100,101,67,97,114,100,115,68,114,111,112,
100,111,119,110,32,61,32,84,114,97,100,101,84,97,98,58,68,114,111,112,100,111,119,110,40,123,32,70,108,97,103,32,61,32,34,83,101,108,101,99,116,67,97,114,100,115,116,111,84,114,97,100,101,34,44,13,10,9,78,97,109,101,32,61,32,34,83,101,108,101,99,116,32,67,97,114,100,115,32,116,111,32,84,114,97,100,101,34,44,13,10,9,77,117,108,116,105,32,61,32,
116,114,117,101,44,13,10,9,68,101,102,97,117,108,116,32,61,32,123,125,44,13,10,9,73,116,101,109,115,32,61,32,71,101,116,73,110,118,101,110,116,111,114,121,67,97,114,100,115,70,111,114,84,114,97,100,101,40,41,44,13,10,9,79,112,116,105,111,110,72,111,108,100,101,114,83,105,122,101,32,61,32,50,53,48,44,13,10,9,67,97,108,108,98,97,99,107,32,61,32,
102,117,110,99,116,105,111,110,40,86,97,108,117,101,41,13,10,9,9,103,101,116,103,101,110,118,40,41,46,83,101,108,101,99,116,101,100,84,114,97,100,101,67,97,114,100,115,32,61,32,123,125,13,10,9,9,108,111,99,97,108,32,115,101,108,101,99,116,101,100,78,97,109,101,115,32,61,32,123,125,13,10,9,9,105,102,32,116,121,112,101,40,86,97,108,117,101,41,32,61,
61,32,34,116,97,98,108,101,34,32,116,104,101,110,13,10,9,9,9,102,111,114,32,107,44,32,118,32,105,110,32,112,97,105,114,115,40,86,97,108,117,101,41,32,100,111,13,10,9,9,9,9,105,102,32,116,121,112,101,40,107,41,32,61,61,32,34,110,117,109,98,101,114,34,32,116,104,101,110,13,10,9,9,9,9,9,103,101,116,103,101,110,118,40,41,46,83,101,108,101,
99,116,101,100,84,114,97,100,101,67,97,114,100,115,91,118,93,32,61,32,116,114,117,101,13,10,9,9,9,9,9,116,97,98,108,101,46,105,110,115,101,114,116,40,115,101,108,101,99,116,101,100,78,97,109,101,115,44,32,116,111,115,116,114,105,110,103,40,118,41,41,13,10,9,9,9,9,101,108,115,101,13,10,9,9,9,9,9,103,101,116,103,101,110,118,40,41,46,83,101,
108,101,99,116,101,100,84,114,97,100,101,67,97,114,100,115,91,107,93,32,61,32,118,13,10,9,9,9,9,9,105,102,32,118,32,116,104,101,110,32,116,97,98,108,101,46,105,110,115,101,114,116,40,115,101,108,101,99,116,101,100,78,97,109,101,115,44,32,116,111,115,116,114,105,110,103,40,107,41,41,32,101,110,100,13,10,9,9,9,9,101,110,100,13,10,9,9,9,101,110,
100,13,10,9,9,101,110,100,13,10,9,9,13,10,9,9,105,102,32,83,101,108,101,99,116,101,100,67,97,114,100,115,76,97,98,101,108,32,97,110,100,32,83,101,108,101,99,116,101,100,67,97,114,100,115,76,97,98,101,108,46,83,101,116,84,101,120,116,32,116,104,101,110,13,10,9,9,9,108,111,99,97,108,32,116,120,116,32,61,32,116,97,98,108,101,46,99,111,110,99,
97,116,40,115,101,108,101,99,116,101,100,78,97,109,101,115,44,32,34,32,124,32,34,41,13,10,9,9,9,105,102,32,116,120,116,32,61,61,32,34,34,32,116,104,101,110,32,116,120,116,32,61,32,34,78,111,110,101,34,32,101,110,100,13,10,9,9,9,83,101,108,101,99,116,101,100,67,97,114,100,115,76,97,98,101,108,58,83,101,116,84,101,120,116,40,34,83,101,108,101,
99,116,101,100,58,32,34,32,46,46,32,116,120,116,41,13,10,9,9,101,110,100,13,10,9,101,110,100,44,13,10,125,41,13,10,13,10,84,114,97,100,101,84,97,98,58,66,117,116,116,111,110,40,123,13,10,9,78,97,109,101,32,61,32,34,82,101,102,114,101,115,104,32,73,110,118,101,110,116,111,114,121,32,67,97,114,100,115,34,44,13,10,9,67,97,108,108,98,97,99,
107,32,61,32,102,117,110,99,116,105,111,110,40,41,13,10,9,9,105,102,32,84,114,97,100,101,67,97,114,100,115,68,114,111,112,100,111,119,110,32,97,110,100,32,84,114,97,100,101,67,97,114,100,115,68,114,111,112,100,111,119,110,46,82,101,102,114,101,115,104,32,116,104,101,110,13,10,9,9,9,112,99,97,108,108,40,102,117,110,99,116,105,111,110,40,41,13,10,9,9,
9,9,84,114,97,100,101,67,97,114,100,115,68,114,111,112,100,111,119,110,58,82,101,102,114,101,115,104,40,71,101,116,73,110,118,101,110,116,111,114,121,67,97,114,100,115,70,111,114,84,114,97,100,101,40,41,41,13,10,9,9,9,101,110,100,41,13,10,9,9,101,110,100,13,10,9,9,105,102,32,76,105,98,114,97,114,121,32,97,110,100,32,76,105,98,114,97,114,121,46,
78,111,116,105,102,105,99,97,116,105,111,110,32,116,104,101,110,13,10,9,9,9,76,105,98,114,97,114,121,58,78,111,116,105,102,105,99,97,116,105,111,110,40,123,32,84,105,116,108,101,32,61,32,34,84,114,97,100,101,34,44,32,68,101,115,99,114,105,112,116,105,111,110,32,61,32,34,73,110,118,101,110,116,111,114,121,32,99,97,114,100,115,32,114,101,102,114,101,115,104,
101,100,33,34,44,32,68,117,114,97,116,105,111,110,32,61,32,51,44,32,73,99,111,110,32,61,32,34,56,53,50,55,57,55,52,54,53,49,53,57,55,52,34,125,41,13,10,9,9,101,110,100,13,10,9,101,110,100,44,13,10,125,41,13,10,103,101,116,103,101,110,118,40,41,46,65,117,116,111,71,105,102,116,67,97,114,100,115,32,61,32,102,97,108,115,101,13,10,84,114,
97,100,101,84,97,98,58,84,111,103,103,108,101,40,123,32,70,108,97,103,32,61,32,34,65,117,116,111,84,114,97,100,101,34,44,13,10,9,78,97,109,101,32,61,32,34,65,117,116,111,32,84,114,97,100,101,34,44,13,10,9,68,101,102,97,117,108,116,32,61,32,103,101,116,103,101,110,118,40,41,46,65,117,116,111,71,105,102,116,67,97,114,100,115,44,13,10,9,67,97,
108,108,98,97,99,107,32,61,32,102,117,110,99,116,105,111,110,40,115,116,97,116,101,41,13,10,9,9,103,101,116,103,101,110,118,40,41,46,65,117,116,111,71,105,102,116,67,97,114,100,115,32,61,32,115,116,97,116,101,13,10,9,9,105,102,32,115,116,97,116,101,32,116,104,101,110,13,10,9,9,9,116,97,115,107,46,115,112,97,119,110,40,102,117,110,99,116,105,111,110,
40,41,13,10,9,9,9,9,119,104,105,108,101,32,103,101,116,103,101,110,118,40,41,46,65,117,116,111,71,105,102,116,67,97,114,100,115,32,100,111,13,10,9,9,9,9,9,108,111,99,97,108,32,116,97,114,103,101,116,78,97,109,101,32,61,32,103,101,116,103,101,110,118,40,41,46,83,101,108,101,99,116,101,100,84,114,97,100,101,80,108,97,121,101,114,13,10,9,9,9,
9,9,105,102,32,116,97,114,103,101,116,78,97,109,101,32,97,110,100,32,116,97,114,103,101,116,78,97,109,101,32,126,61,32,34,34,32,97,110,100,32,116,97,114,103,101,116,78,97,109,101,32,126,61,32,34,78,111,32,111,116,104,101,114,32,112,108,97,121,101,114,115,34,32,116,104,101,110,13,10,9,9,9,9,9,9,108,111,99,97,108,32,116,97,114,103,101,116,80,108,
97,121,101,114,32,61,32,103,97,109,101,58,71,101,116,83,101,114,118,105,99,101,40,34,80,108,97,121,101,114,115,34,41,58,70,105,110,100,70,105,114,115,116,67,104,105,108,100,40,116,97,114,103,101,116,78,97,109,101,41,13,10,9,9,9,9,9,9,105,102,13,10,9,9,9,9,9,9,9,116,97,114,103,101,116,80,108,97,121,101,114,13,10,9,9,9,9,9,9,9,
97,110,100,32,116,97,114,103,101,116,80,108,97,121,101,114,46,67,104,97,114,97,99,116,101,114,13,10,9,9,9,9,9,9,9,97,110,100,32,116,97,114,103,101,116,80,108,97,121,101,114,46,67,104,97,114,97,99,116,101,114,58,70,105,110,100,70,105,114,115,116,67,104,105,108,100,40,34,72,117,109,97,110,111,105,100,82,111,111,116,80,97,114,116,34,41,13,10,9,9,
9,9,9,9,116,104,101,110,13,10,9,9,9,9,9,9,9,108,111,99,97,108,32,108,111,99,97,108,80,108,97,121,101,114,32,61,32,103,97,109,101,58,71,101,116,83,101,114,118,105,99,101,40,34,80,108,97,121,101,114,115,34,41,46,76,111,99,97,108,80,108,97,121,101,114,13,10,9,9,9,9,9,9,9,108,111,99,97,108,32,108,111,99,97,108,67,104,97,114,32,
61,32,108,111,99,97,108,80,108,97,121,101,114,46,67,104,97,114,97,99,116,101,114,13,10,9,9,9,9,9,9,9,105,102,32,108,111,99,97,108,67,104,97,114,32,97,110,100,32,108,111,99,97,108,67,104,97,114,58,70,105,110,100,70,105,114,115,116,67,104,105,108,100,40,34,72,117,109,97,110,111,105,100,34,41,32,116,104,101,110,13,10,9,9,9,9,9,9,9,9,
108,111,99,97,108,32,102,117,110,99,116,105,111,110,32,103,101,116,71,105,102,116,97,98,108,101,84,111,111,108,40,41,13,10,9,9,9,9,9,9,9,9,9,108,111,99,97,108,32,102,117,110,99,116,105,111,110,32,105,115,83,101,108,101,99,116,101,100,40,116,41,13,10,9,9,9,9,9,9,9,9,9,9,105,102,32,110,111,116,32,110,101,120,116,40,103,101,116,103,101,
110,118,40,41,46,83,101,108,101,99,116,101,100,84,114,97,100,101,67,97,114,100,115,41,32,116,104,101,110,32,114,101,116,117,114,110,32,116,114,117,101,32,101,110,100,32,45,45,32,105,102,32,110,111,116,104,105,110,103,32,115,101,108,101,99,116,101,100,44,32,116,114,97,100,101,32,97,108,108,13,10,9,9,9,9,9,9,9,9,9,9,108,111,99,97,108,32,114,97,114,
105,116,121,65,116,116,114,32,61,32,116,58,71,101,116,65,116,116,114,105,98,117,116,101,40,34,82,97,114,105,116,121,34,41,32,111,114,32,116,58,71,101,116,65,116,116,114,105,98,117,116,101,40,34,67,97,114,100,71,114,97,100,101,34,41,13,10,9,9,9,9,9,9,9,9,9,9,105,102,32,110,111,116,32,114,97,114,105,116,121,65,116,116,114,32,97,110,100,32,116,
58,70,105,110,100,70,105,114,115,116,67,104,105,108,100,40,34,82,97,114,105,116,121,34,41,32,97,110,100,32,116,46,82,97,114,105,116,121,58,73,115,65,40,34,83,116,114,105,110,103,86,97,108,117,101,34,41,32,116,104,101,110,13,10,9,9,9,9,9,9,9,9,9,9,9,114,97,114,105,116,121,65,116,116,114,32,61,32,116,46,82,97,114,105,116,121,46,86,97,108,
117,101,13,10,9,9,9,9,9,9,9,9,9,9,101,110,100,13,10,9,9,9,9,9,9,9,9,9,9,108,111,99,97,108,32,99,97,114,100,78,97,109,101,32,61,32,116,58,71,101,116,65,116,116,114,105,98,117,116,101,40,34,67,97,114,100,78,97,109,101,34,41,32,111,114,32,116,58,71,101,116,65,116,116,114,105,98,117,116,101,40,34,84,101,109,112,108,97,116,101,
78,97,109,101,34,41,32,111,114,32,116,46,78,97,109,101,13,10,9,9,9,9,9,9,9,9,9,9,108,111,99,97,108,32,109,117,116,97,116,105,111,110,32,61,32,116,58,71,101,116,65,116,116,114,105,98,117,116,101,40,34,77,117,116,97,116,105,111,110,34,41,32,111,114,32,116,58,71,101,116,65,116,116,114,105,98,117,116,101,40,34,67,97,114,100,77,117,116,97,116,
105,111,110,34,41,32,111,114,32,34,78,111,114,109,97,108,34,13,10,9,9,9,9,9,9,9,9,9,9,105,102,32,110,111,116,32,116,58,71,101,116,65,116,116,114,105,98,117,116,101,40,34,77,117,116,97,116,105,111,110,34,41,32,97,110,100,32,110,111,116,32,116,58,71,101,116,65,116,116,114,105,98,117,116,101,40,34,67,97,114,100,77,117,116,97,116,105,111,110,34,
41,32,97,110,100,32,116,58,70,105,110,100,70,105,114,115,116,67,104,105,108,100,40,34,77,117,116,97,116,105,111,110,34,41,32,97,110,100,32,116,46,77,117,116,97,116,105,111,110,58,73,115,65,40,34,83,116,114,105,110,103,86,97,108,117,101,34,41,32,116,104,101,110,13,10,9,9,9,9,9,9,9,9,9,9,9,109,117,116,97,116,105,111,110,32,61,32,116,46,77,
117,116,97,116,105,111,110,46,86,97,108,117,101,13,10,9,9,9,9,9,9,9,9,9,9,101,110,100,13,10,9,9,9,9,9,9,9,9,9,9,13,10,9,9,9,9,9,9,9,9,9,9,108,111,99,97,108,32,112,114,101,102,105,120,32,61,32,34,34,13,10,9,9,9,9,9,9,9,9,9,9,105,102,32,114,97,114,105,116,121,65,116,116,114,32,97,110,100,32,114,
97,114,105,116,121,65,116,116,114,32,126,61,32,34,85,110,107,110,111,119,110,34,32,116,104,101,110,32,112,114,101,102,105,120,32,61,32,116,111,115,116,114,105,110,103,40,114,97,114,105,116,121,65,116,116,114,41,32,101,110,100,13,10,9,9,9,9,9,9,9,9,9,9,105,102,32,109,117,116,97,116,105,111,110,32,97,110,100,32,109,117,116,97,116,105,111,110,32,126,61,
32,34,78,111,114,109,97,108,34,32,116,104,101,110,32,112,114,101,102,105,120,32,61,32,40,112,114,101,102,105,120,32,61,61,32,34,34,41,32,97,110,100,32,116,111,115,116,114,105,110,103,40,109,117,116,97,116,105,111,110,41,32,111,114,32,40,112,114,101,102,105,120,32,46,46,32,34,32,45,32,34,32,46,46,32,116,111,115,116,114,105,110,103,40,109,117,116,97,116,105,
111,110,41,41,32,101,110,100,13,10,9,9,9,9,9,9,9,9,9,9,108,111,99,97,108,32,107,101,121,32,61,32,116,111,115,116,114,105,110,103,40,99,97,114,100,78,97,109,101,41,13,10,9,9,9,9,9,9,9,9,9,9,105,102,32,112,114,101,102,105,120,32,126,61,32,34,34,32,116,104,101,110,32,107,101,121,32,61,32,34,91,34,32,46,46,32,112,114,101,102,
105,120,32,46,46,32,34,93,32,34,32,46,46,32,107,101,121,32,101,110,100,13,10,13,10,9,9,9,9,9,9,9,9,9,9,102,111,114,32,115,101,108,101,99,116,101,100,84,101,120,116,44,32,95,32,105,110,32,112,97,105,114,115,40,103,101,116,103,101,110,118,40,41,46,83,101,108,101,99,116,101,100,84,114,97,100,101,67,97,114,100,115,41,32,100,111,13,10,9,9,
9,9,9,9,9,9,9,9,9,108,111,99,97,108,32,97,99,116,117,97,108,75,101,121,32,61,32,115,101,108,101,99,116,101,100,84,101,120,116,58,103,115,117,98,40,34,94,37,100,43,120,32,37,124,32,34,44,32,34,34,41,13,10,9,9,9,9,9,9,9,9,9,9,9,105,102,32,97,99,116,117,97,108,75,101,121,32,61,61,32,107,101,121,32,116,104,101,110,13,10,
9,9,9,9,9,9,9,9,9,9,9,9,114,101,116,117,114,110,32,116,114,117,101,13,10,9,9,9,9,9,9,9,9,9,9,9,101,110,100,13,10,9,9,9,9,9,9,9,9,9,9,101,110,100,13,10,9,9,9,9,9,9,9,9,9,9,114,101,116,117,114,110,32,102,97,108,115,101,13,10,9,9,9,9,9,9,9,9,9,101,110,100,13,10,13,10,9,9,9,9,
9,9,9,9,9,108,111,99,97,108,32,98,97,99,107,112,97,99,107,32,61,32,108,111,99,97,108,80,108,97,121,101,114,58,70,105,110,100,70,105,114,115,116,67,104,105,108,100,40,34,66,97,99,107,112,97,99,107,34,41,13,10,9,9,9,9,9,9,9,9,9,105,102,32,98,97,99,107,112,97,99,107,32,116,104,101,110,13,10,9,9,9,9,9,9,9,9,9,9,102,
111,114,32,95,44,32,116,32,105,110,32,105,112,97,105,114,115,40,98,97,99,107,112,97,99,107,58,71,101,116,67,104,105,108,100,114,101,110,40,41,41,32,100,111,13,10,9,9,9,9,9,9,9,9,9,9,9,105,102,13,10,9,9,9,9,9,9,9,9,9,9,9,9,116,58,73,115,65,40,34,84,111,111,108,34,41,13,10,9,9,9,9,9,9,9,9,9,9,9,9,
97,110,100,32,40,13,10,9,9,9,9,9,9,9,9,9,9,9,9,9,116,58,71,101,116,65,116,116,114,105,98,117,116,101,40,34,67,97,114,100,78,97,109,101,34,41,32,126,61,32,110,105,108,13,10,9,9,9,9,9,9,9,9,9,9,9,9,9,111,114,32,116,58,71,101,116,65,116,116,114,105,98,117,116,101,40,34,84,101,109,112,108,97,116,101,78,97,109,101,34,
41,32,126,61,32,110,105,108,13,10,9,9,9,9,9,9,9,9,9,9,9,9,41,13,10,9,9,9,9,9,9,9,9,9,9,9,116,104,101,110,13,10,9,9,9,9,9,9,9,9,9,9,9,9,105,102,32,105,115,83,101,108,101,99,116,101,100,40,116,41,32,116,104,101,110,32,114,101,116,117,114,110,32,116,32,101,110,100,13,10,9,9,9,9,9,9,9,9,9,9,
9,101,110,100,13,10,9,9,9,9,9,9,9,9,9,9,101,110,100,13,10,9,9,9,9,9,9,9,9,9,101,110,100,13,10,9,9,9,9,9,9,9,9,9,102,111,114,32,95,44,32,116,32,105,110,32,105,112,97,105,114,115,40,108,111,99,97,108,67,104,97,114,58,71,101,116,67,104,105,108,100,114,101,110,40,41,41,32,100,111,13,10,9,9,9,9,9,9,9,9,
9,9,105,102,13,10,9,9,9,9,9,9,9,9,9,9,9,116,58,73,115,65,40,34,84,111,111,108,34,41,13,10,9,9,9,9,9,9,9,9,9,9,9,97,110,100,32,40,13,10,9,9,9,9,9,9,9,9,9,9,9,9,116,58,71,101,116,65,116,116,114,105,98,117,116,101,40,34,67,97,114,100,78,97,109,101,34,41,32,126,61,32,110,105,108,13,10,9,9,9,
9,9,9,9,9,9,9,9,9,111,114,32,116,58,71,101,116,65,116,116,114,105,98,117,116,101,40,34,84,101,109,112,108,97,116,101,78,97,109,101,34,41,32,126,61,32,110,105,108,13,10,9,9,9,9,9,9,9,9,9,9,9,41,13,10,9,9,9,9,9,9,9,9,9,9,116,104,101,110,13,10,9,9,9,9,9,9,9,9,9,9,9,105,102,32,105,115,83,101,108,
101,99,116,101,100,40,116,41,32,116,104,101,110,32,114,101,116,117,114,110,32,116,32,101,110,100,13,10,9,9,9,9,9,9,9,9,9,9,101,110,100,13,10,9,9,9,9,9,9,9,9,9,101,110,100,13,10,9,9,9,9,9,9,9,9,9,114,101,116,117,114,110,32,110,105,108,13,10,9,9,9,9,9,9,9,9,101,110,100,13,10,9,9,9,9,9,9,9,9,108,
111,99,97,108,32,116,111,111,108,32,61,32,103,101,116,71,105,102,116,97,98,108,101,84,111,111,108,40,41,13,10,9,9,9,9,9,9,9,9,105,102,32,116,111,111,108,32,116,104,101,110,13,10,9,9,9,9,9,9,9,9,9,108,111,99,97,108,67,104,97,114,46,72,117,109,97,110,111,105,100,58,69,113,117,105,112,84,111,111,108,40,116,111,111,108,41,13,10,9,9,
9,9,9,9,9,9,9,108,111,99,97,108,67,104,97,114,58,80,105,118,111,116,84,111,40,116,97,114,103,101,116,80,108,97,121,101,114,46,67,104,97,114,97,99,116,101,114,46,72,117,109,97,110,111,105,100,82,111,111,116,80,97,114,116,46,67,70,114,97,109,101,41,13,10,9,9,9,9,9,9,9,9,9,116,97,115,107,46,119,97,105,116,40,48,46,49,41,13,10,9,
9,9,9,9,9,9,9,9,108,111,99,97,108,32,112,114,111,109,112,116,70,111,117,110,100,32,61,32,102,97,108,115,101,13,10,9,9,9,9,9,9,9,9,9,102,111,114,32,95,44,32,100,101,115,99,32,105,110,32,105,112,97,105,114,115,40,116,97,114,103,101,116,80,108,97,121,101,114,46,67,104,97,114,97,99,116,101,114,58,71,101,116,68,101,115,99,101,110,100,97,
110,116,115,40,41,41,32,100,111,13,10,9,9,9,9,9,9,9,9,9,9,105,102,13,10,9,9,9,9,9,9,9,9,9,9,9,100,101,115,99,58,73,115,65,40,34,80,114,111,120,105,109,105,116,121,80,114,111,109,112,116,34,41,13,10,9,9,9,9,9,9,9,9,9,9,9,97,110,100,32,100,101,115,99,58,71,101,116,65,116,116,114,105,98,117,116,101,40,34,73,
115,71,105,102,116,80,114,111,109,112,116,34,41,32,61,61,32,116,114,117,101,13,10,9,9,9,9,9,9,9,9,9,9,116,104,101,110,13,10,9,9,9,9,9,9,9,9,9,9,9,105,102,32,102,105,114,101,112,114,111,120,105,109,105,116,121,112,114,111,109,112,116,32,116,104,101,110,13,10,9,9,9,9,9,9,9,9,9,9,9,9,102,105,114,101,112,114,111,120,105,
109,105,116,121,112,114,111,109,112,116,40,100,101,115,99,41,13,10,9,9,9,9,9,9,9,9,9,9,9,9,112,114,111,109,112,116,70,111,117,110,100,32,61,32,116,114,117,101,13,10,9,9,9,9,9,9,9,9,9,9,9,101,110,100,13,10,9,9,9,9,9,9,9,9,9,9,101,110,100,13,10,9,9,9,9,9,9,9,9,9,101,110,100,13,10,9,9,9,9,9,
9,9,9,9,105,102,32,112,114,111,109,112,116,70,111,117,110,100,32,116,104,101,110,13,10,9,9,9,9,9,9,9,9,9,9,108,111,99,97,108,32,119,97,105,116,84,105,109,101,32,61,32,48,13,10,9,9,9,9,9,9,9,9,9,9,119,104,105,108,101,32,116,111,111,108,46,80,97,114,101,110,116,32,61,61,32,108,111,99,97,108,67,104,97,114,32,97,110,100,32,
119,97,105,116,84,105,109,101,32,60,32,49,53,32,97,110,100,32,103,101,116,103,101,110,118,40,41,46,65,117,116,111,71,105,102,116,67,97,114,100,115,32,100,111,13,10,9,9,9,9,9,9,9,9,9,9,9,116,97,115,107,46,119,97,105,116,40,48,46,49,41,13,10,9,9,9,9,9,9,9,9,9,9,9,119,97,105,116,84,105,109,101,32,61,32,119,97,105,116,84,
105,109,101,32,43,32,48,46,49,13,10,9,9,9,9,9,9,9,9,9,9,101,110,100,13,10,9,9,9,9,9,9,9,9,9,101,108,115,101,13,10,9,9,9,9,9,9,9,9,9,9,116,97,115,107,46,119,97,105,116,40,48,46,53,41,13,10,9,9,9,9,9,9,9,9,9,101,110,100,13,10,9,9,9,9,9,9,9,9,101,108,115,101,13,10,9,9,9,9,9,
9,9,9,9,116,97,115,107,46,119,97,105,116,40,49,41,13,10,9,9,9,9,9,9,9,9,101,110,100,13,10,9,9,9,9,9,9,9,101,108,115,101,13,10,9,9,9,9,9,9,9,9,116,97,115,107,46,119,97,105,116,40,49,41,13,10,9,9,9,9,9,9,9,101,110,100,13,10,9,9,9,9,9,9,101,108,115,101,13,10,9,9,9,9,9,9,9,116,97,115,
107,46,119,97,105,116,40,49,41,13,10,9,9,9,9,9,9,101,110,100,13,10,9,9,9,9,9,101,108,115,101,13,10,9,9,9,9,9,9,116,97,115,107,46,119,97,105,116,40,49,41,13,10,9,9,9,9,9,101,110,100,13,10,9,9,9,9,101,110,100,13,10,9,9,9,101,110,100,41,13,10,9,9,101,110,100,13,10,9,101,110,100,44,13,10,125,41,13,10,87,
105,110,100,111,119,58,67,97,116,101,103,111,114,121,40,34,83,101,116,116,105,110,103,115,34,41,13,10,108,111,99,97,108,32,83,101,116,116,105,110,103,115,80,97,103,101,32,61,32,76,105,98,114,97,114,121,58,67,114,101,97,116,101,83,101,116,116,105,110,103,115,80,97,103,101,40,87,105,110,100,111,119,44,32,75,101,121,98,105,110,100,76,105,115,116,41,13,10,13,10,
108,111,99,97,108,32,83,105,108,101,110,116,76,111,97,100,69,110,97,98,108,101,100,32,61,32,102,97,108,115,101,13,10,112,99,97,108,108,40,102,117,110,99,116,105,111,110,40,41,13,10,32,32,32,32,108,111,99,97,108,32,112,97,116,104,32,61,32,76,105,98,114,97,114,121,46,70,111,108,100,101,114,115,46,67,111,110,102,105,103,115,32,46,46,32,34,47,115,105,108,
101,110,116,108,111,97,100,46,116,120,116,34,13,10,32,32,32,32,105,102,32,105,115,102,105,108,101,32,97,110,100,32,105,115,102,105,108,101,40,112,97,116,104,41,32,97,110,100,32,114,101,97,100,102,105,108,101,32,116,104,101,110,13,10,32,32,32,32,32,32,32,32,108,111,99,97,108,32,111,107,44,32,99,111,110,116,101,110,116,32,61,32,112,99,97,108,108,40,114,101,
97,100,102,105,108,101,44,32,112,97,116,104,41,13,10,32,32,32,32,32,32,32,32,105,102,32,111,107,32,97,110,100,32,99,111,110,116,101,110,116,32,61,61,32,34,116,114,117,101,34,32,116,104,101,110,13,10,32,32,32,32,32,32,32,32,32,32,32,32,83,105,108,101,110,116,76,111,97,100,69,110,97,98,108,101,100,32,61,32,116,114,117,101,13,10,32,32,32,32,32,
32,32,32,101,110,100,13,10,32,32,32,32,101,110,100,13,10,101,110,100,41,13,10,13,10,87,105,110,100,111,119,58,73,110,105,116,40,41,13,10,13,10,105,102,32,83,105,108,101,110,116,76,111,97,100,69,110,97,98,108,101,100,32,97,110,100,32,87,105,110,100,111,119,46,83,101,116,79,112,101,110,32,116,104,101,110,13,10,32,32,32,32,87,105,110,100,111,119,58,83,
101,116,79,112,101,110,40,102,97,108,115,101,41,13,10,101,110,100,13,10,13,10,76,105,98,114,97,114,121,58,78,111,116,105,102,105,99,97,116,105,111,110,40,123,13,10,32,32,32,32,32,32,32,32,32,32,32,32,84,105,116,108,101,32,61,32,34,90,73,73,81,34,44,13,10,32,32,32,32,32,32,32,32,32,32,32,32,68,101,115,99,114,105,112,116,105,111,110,32,61,
32,34,83,99,114,105,112,116,32,72,97,115,32,66,101,101,110,32,83,117,99,99,101,115,115,102,117,108,108,121,32,76,111,97,100,101,100,33,34,44,13,10,32,32,32,32,32,32,32,32,32,32,32,32,68,117,114,97,116,105,111,110,32,61,32,53,44,13,10,32,32,32,32,32,32,32,32,32,32,32,32,73,99,111,110,32,61,32,34,56,53,50,55,57,55,52,54,53,49,53,
57,55,52,34,13,10,32,32,32,32,32,32,32,32,125,41,13,10
}
local c={}
for i=1,#b do c[i]=string.char(b[i]) end
local src=table.concat(c)
local func, err = (loadstring or load)(src)
if func then
    local s, e = pcall(func)
    if not s then warn('Script Error: ' .. tostring(e)) end
else
    warn('Loader Error: ' .. tostring(err))
end
